maude tool: 'maude'
 checking version: 3.5.1. OK.
 checking installation: OK.
[Theory MKA_v9] Theory loaded
[Theory MKA_v9] Theory translated
[Theory MKA_v9] Derivation checks started
[Theory MKA_v9] Derivation checks ended
[Theory MKA_v9] Theory closed
[Saturating Sources] Step 1 (Max 5)
[Saturating Sources] Done
theory MKA_v9

begin

// Function signature and definition of the equational theory E

builtins: natural-numbers
functions: count/1, fst/1, genMN/1, kdf/2, mac/2, mactrue/0, macverify/3,
           pair/2, sdec/2, senc/2, snd/1
equations:
    fst(<x.1, x.2>) = x.1,
    macverify(mac(M, K), M, K) = mactrue,
    sdec(senc(x.1, x.2), x.2) = x.1,
    snd(<x.1, x.2>) = x.2

rule (modulo E) Setup_CAK:
   [ Fr( ~cak ) ] --[ CAKSetup( ~cak ) ]-> [ !SharedCAK( ~cak ) ]

  /* has exactly the trivial AC variant */

rule (modulo E) Initial_KeyServer_Send:
   [ !SharedCAK( ~cak ), Fr( ~kn ), Fr( ~KS_nonce0 ) ]
  --[
  SentInitialSAK( count(genMN($Keyserver)), ~kn,
                  kdf(~cak, <$Keyserver, ~kn, ~KS_nonce0>)
  ),
  KDFGeneratedSAK( kdf(~cak, <$Keyserver, ~kn, ~KS_nonce0>) )
  ]->
   [
   Out( <$Keyserver, count(genMN($Keyserver)), ~kn, 
         senc(kdf(~cak, <$Keyserver, ~kn, ~KS_nonce0>), kdf(~cak, 'KEK')), 
         mac(<$Keyserver, count(genMN($Keyserver)), ~kn, 
              senc(kdf(~cak, <$Keyserver, ~kn, ~KS_nonce0>), kdf(~cak, 'KEK'))>,
             kdf(~cak, 'ICK'))
        >
   ),
   KSSTATE0( count(genMN($Keyserver)), genMN($Server), ~kn,
             kdf(~cak, <$Keyserver, ~kn, ~KS_nonce0>)
   )
   ]

  /* has exactly the trivial AC variant */

restriction Restr_Initial_Server_Receive_1:
  "∀ x #NOW. (Restr_Initial_Server_Receive_1( x ) @ #NOW) ⇒ (x = mactrue)"
  // safety formula

  /*
  expanded formula:
  "∀ x #NOW. (Restr_Initial_Server_Receive_1( x ) @ #NOW) ⇒ (x = mactrue)"
  */

restriction Restr_Initial_Server_Receive_2:
  "∀ x #NOW x.1.
    (Restr_Initial_Server_Receive_2( x, x.1 ) @ #NOW) ⇒ (x = x.1)"
  // safety formula

  /*
  expanded formula:
  "∀ x #NOW x.1.
    (Restr_Initial_Server_Receive_2( x, x.1 ) @ #NOW) ⇒ (x = x.1)"
  */

rule (modulo E) Initial_Server_Receive:
   [ In( <$Keyserver, mn_ks1, ~kn, c1, icv1> ), !SharedCAK( ~cak ) ]
  --[
  InitialAckPrepared( count(genMN($Server)), ~kn ),
  ServerAcceptedSAK( sdec(c1, kdf(~cak, 'KEK')) ),
  Restr_Initial_Server_Receive_1( macverify(icv1,
                                            <$Keyserver, mn_ks1, ~kn, c1>, kdf(~cak, 'ICK'))
  ),
  Restr_Initial_Server_Receive_2( mn_ks1, count(genMN($Keyserver)) )
  ]->
   [
   Out( <$Server, count(genMN($Server)), ~kn, 
         mac(<$Server, count(genMN($Server)), ~kn>, kdf(~cak, 'ICK'))>
   ),
   SSTATE0( mn_ks1, count(genMN($Server)), ~kn, sdec(c1, kdf(~cak, 'KEK')) )
   ]

  /*
  rule (modulo AC) Initial_Server_Receive:
     [ In( <$Keyserver, mn_ks1, ~kn, c1, icv1> ), !SharedCAK( ~cak ) ]
    --[
    InitialAckPrepared( count(genMN($Server)), ~kn ), ServerAcceptedSAK( z ),
    Restr_Initial_Server_Receive_1( z.1 ),
    Restr_Initial_Server_Receive_2( mn_ks1, count(genMN($Keyserver)) )
    ]->
     [
     Out( <$Server, count(genMN($Server)), ~kn, 
           mac(<$Server, count(genMN($Server)), ~kn>, kdf(~cak, 'ICK'))>
     ),
     SSTATE0( mn_ks1, count(genMN($Server)), ~kn, z )
     ]
    variants (modulo AC)
    1. $Keyserver
             = $Keyserver.12
       ~cak  = ~cak.14
       ~kn   = ~kn.15
       c1    = c1.16
       icv1  = icv1.17
       mn_ks1
             = mn_ks1.18
       z     = sdec(c1.16, kdf(~cak.14, 'KEK'))
       z.1   = macverify(icv1.17, <$Keyserver.12, mn_ks1.18, ~kn.15, c1.16>,
                         kdf(~cak.14, 'ICK'))
    
    2. $Keyserver
             = $Keyserver.15
       ~cak  = ~cak.17
       ~kn   = ~kn.18
       c1    = senc(z.23, kdf(~cak.17, 'KEK'))
       icv1  = icv1.20
       mn_ks1
             = mn_ks1.21
       z     = z.23
       z.1   = macverify(icv1.20,
                         <$Keyserver.15, mn_ks1.21, ~kn.18, senc(z.23, kdf(~cak.17, 'KEK'))>,
                         kdf(~cak.17, 'ICK'))
    
    3. $Keyserver
             = $Keyserver.17
       ~cak  = ~cak.19
       ~kn   = ~kn.20
       c1    = c1.21
       icv1  = mac(<$Keyserver.17, mn_ks1.23, ~kn.20, c1.21>,
                   kdf(~cak.19, 'ICK'))
       mn_ks1
             = mn_ks1.23
       z     = sdec(c1.21, kdf(~cak.19, 'KEK'))
       z.1   = mactrue
    
    4. $Keyserver
             = $Keyserver.17
       ~cak  = ~cak.19
       ~kn   = ~kn.20
       c1    = senc(z.25, kdf(~cak.19, 'KEK'))
       icv1  = mac(<$Keyserver.17, mn_ks1.23, ~kn.20, 
                    senc(z.25, kdf(~cak.19, 'KEK'))>,
                   kdf(~cak.19, 'ICK'))
       mn_ks1
             = mn_ks1.23
       z     = z.25
       z.1   = mactrue
  */

restriction Restr_Initial_KeyServer_Confirm_1:
  "∀ x #NOW.
    (Restr_Initial_KeyServer_Confirm_1( x ) @ #NOW) ⇒ (x = mactrue)"
  // safety formula

  /*
  expanded formula:
  "∀ x #NOW.
    (Restr_Initial_KeyServer_Confirm_1( x ) @ #NOW) ⇒ (x = mactrue)"
  */

restriction Restr_Initial_KeyServer_Confirm_2:
  "∀ x #NOW x.1.
    (Restr_Initial_KeyServer_Confirm_2( x, x.1 ) @ #NOW) ⇒ (x = x.1)"
  // safety formula

  /*
  expanded formula:
  "∀ x #NOW x.1.
    (Restr_Initial_KeyServer_Confirm_2( x, x.1 ) @ #NOW) ⇒ (x = x.1)"
  */

restriction Restr_Initial_KeyServer_Confirm_3:
  "∀ x #NOW x.1.
    (Restr_Initial_KeyServer_Confirm_3( x, x.1 ) @ #NOW) ⇒ (x = x.1)"
  // safety formula

  /*
  expanded formula:
  "∀ x #NOW x.1.
    (Restr_Initial_KeyServer_Confirm_3( x, x.1 ) @ #NOW) ⇒ (x = x.1)"
  */

rule (modulo E) Initial_KeyServer_Confirm:
   [
   In( <$Server, mn_s1, kn_server, icv2> ), !SharedCAK( ~cak ),
   KSSTATE0( mn_ks1, mn_s, ~kn, sak1 )
   ]
  --[
  InitialSessionCompleted( mn_ks1, mn_s1, ~kn, sak1 ),
  Restr_Initial_KeyServer_Confirm_1( macverify(icv2, <$Server, mn_s1, ~kn>,
                                               kdf(~cak, 'ICK'))
  ),
  Restr_Initial_KeyServer_Confirm_2( ~kn, kn_server ),
  Restr_Initial_KeyServer_Confirm_3( mn_s1, count(mn_s) )
  ]->
   [ KSSTATE1( mn_ks1, mn_s1, ~kn, sak1 ) ]

  /*
  rule (modulo AC) Initial_KeyServer_Confirm:
     [
     In( <$Server, mn_s1, kn_server, icv2> ), !SharedCAK( ~cak ),
     KSSTATE0( mn_ks1, mn_s, ~kn, sak1 )
     ]
    --[
    InitialSessionCompleted( mn_ks1, mn_s1, ~kn, sak1 ),
    Restr_Initial_KeyServer_Confirm_1( z ),
    Restr_Initial_KeyServer_Confirm_2( ~kn, kn_server ),
    Restr_Initial_KeyServer_Confirm_3( mn_s1, count(mn_s) )
    ]->
     [ KSSTATE1( mn_ks1, mn_s1, ~kn, sak1 ) ]
    variants (modulo AC)
    1. $Server
             = $Server.11
       ~cak  = ~cak.11
       ~kn   = ~kn.11
       icv2  = icv2.11
       mn_s1 = mn_s1.11
       z     = macverify(icv2.11, <$Server.11, mn_s1.11, ~kn.11>,
                         kdf(~cak.11, 'ICK'))
    
    2. $Server
             = $x.11
       ~cak  = ~x.12
       ~kn   = ~x.13
       icv2  = mac(<$x.11, x.14, ~x.13>, kdf(~x.12, 'ICK'))
       mn_s1 = x.14
       z     = mactrue
  */

rule (modulo E) Rekey_KeyServer_Send:
   [
   !SharedCAK( ~cak ), KSSTATE1( mn_ks1, mn_s1, ~kn, sak1 ),
   Fr( ~KS_nonce1 )
   ]
  --[
  SentRekeySAK( count(mn_ks1), count(~kn),
                kdf(~cak, <$Keyserver, count(~kn), ~KS_nonce1>)
  ),
  RekeyStarted( count(mn_ks1), count(~kn),
                kdf(~cak, <$Keyserver, count(~kn), ~KS_nonce1>)
  ),
  RekeyMessage( count(mn_ks1), count(~kn),
                senc(kdf(~cak, <$Keyserver, count(~kn), ~KS_nonce1>), kdf(~cak, 'KEK')),
                mac(<$Keyserver, count(mn_ks1), count(~kn), 
                     senc(kdf(~cak, <$Keyserver, count(~kn), ~KS_nonce1>), kdf(~cak, 'KEK'))>,
                    kdf(~cak, 'ICK'))
  )
  ]->
   [
   Out( <$Keyserver, count(mn_ks1), count(~kn), 
         senc(kdf(~cak, <$Keyserver, count(~kn), ~KS_nonce1>), kdf(~cak, 'KEK')), 
         mac(<$Keyserver, count(mn_ks1), count(~kn), 
              senc(kdf(~cak, <$Keyserver, count(~kn), ~KS_nonce1>), kdf(~cak, 'KEK'))>,
             kdf(~cak, 'ICK'))
        >
   ),
   KSSTATE2( count(mn_ks1), mn_s1, count(~kn),
             kdf(~cak, <$Keyserver, count(~kn), ~KS_nonce1>)
   )
   ]

  /* has exactly the trivial AC variant */

restriction Restr_Rekey_Server_Receive_1:
  "∀ x #NOW x.1.
    (Restr_Rekey_Server_Receive_1( x, x.1 ) @ #NOW) ⇒ (x = x.1)"
  // safety formula

  /*
  expanded formula:
  "∀ x #NOW x.1.
    (Restr_Rekey_Server_Receive_1( x, x.1 ) @ #NOW) ⇒ (x = x.1)"
  */

restriction Restr_Rekey_Server_Receive_2:
  "∀ x #NOW. (Restr_Rekey_Server_Receive_2( x ) @ #NOW) ⇒ (x = mactrue)"
  // safety formula

  /*
  expanded formula:
  "∀ x #NOW. (Restr_Rekey_Server_Receive_2( x ) @ #NOW) ⇒ (x = mactrue)"
  */

restriction Restr_Rekey_Server_Receive_3:
  "∀ x #NOW x.1.
    (Restr_Rekey_Server_Receive_3( x, x.1 ) @ #NOW) ⇒ (x = x.1)"
  // safety formula

  /*
  expanded formula:
  "∀ x #NOW x.1.
    (Restr_Rekey_Server_Receive_3( x, x.1 ) @ #NOW) ⇒ (x = x.1)"
  */

rule (modulo E) Rekey_Server_Receive:
   [
   In( <$Keyserver, mn_ks2, kn1, c2, icv3> ), !SharedCAK( ~cak ),
   SSTATE0( mn_ks1, mn_s1, ~kn, sak1 )
   ]
  --[
  RekeyAckPrepared( mn_ks2, kn1, sdec(c2, kdf(~cak, 'KEK')) ),
  Restr_Rekey_Server_Receive_1( mn_ks2, count(mn_ks1) ),
  Restr_Rekey_Server_Receive_2( macverify(icv3,
                                          <$Keyserver, mn_ks2, kn1, c2>, kdf(~cak, 'ICK'))
  ),
  Restr_Rekey_Server_Receive_3( kn1, count(~kn) )
  ]->
   [
   Out( <$Server, count(mn_s1), kn1, 
         mac(<$Server, count(mn_s1), kn1>, kdf(~cak, 'ICK'))>
   ),
   SSTATE1( mn_ks2, count(mn_s1), kn1, sdec(c2, kdf(~cak, 'KEK')) )
   ]

  /*
  rule (modulo AC) Rekey_Server_Receive:
     [
     In( <$Keyserver, mn_ks2, kn1, c2, icv3> ), !SharedCAK( ~cak ),
     SSTATE0( mn_ks1, mn_s1, ~kn, sak1 )
     ]
    --[
    RekeyAckPrepared( mn_ks2, kn1, z ),
    Restr_Rekey_Server_Receive_1( mn_ks2, count(mn_ks1) ),
    Restr_Rekey_Server_Receive_2( z.1 ),
    Restr_Rekey_Server_Receive_3( kn1, count(~kn) )
    ]->
     [
     Out( <$Server, count(mn_s1), kn1, 
           mac(<$Server, count(mn_s1), kn1>, kdf(~cak, 'ICK'))>
     ),
     SSTATE1( mn_ks2, count(mn_s1), kn1, z )
     ]
    variants (modulo AC)
    1. $Keyserver
             = $Keyserver.16
       ~cak  = ~cak.18
       c2    = c2.20
       icv3  = icv3.21
       kn1   = kn1.22
       mn_ks2
             = mn_ks2.24
       z     = sdec(c2.20, kdf(~cak.18, 'KEK'))
       z.1   = macverify(icv3.21, <$Keyserver.16, mn_ks2.24, kn1.22, c2.20>,
                         kdf(~cak.18, 'ICK'))
    
    2. $Keyserver
             = $Keyserver.19
       ~cak  = ~cak.21
       c2    = senc(z.31, kdf(~cak.21, 'KEK'))
       icv3  = icv3.24
       kn1   = kn1.25
       mn_ks2
             = mn_ks2.27
       z     = z.31
       z.1   = macverify(icv3.24,
                         <$Keyserver.19, mn_ks2.27, kn1.25, senc(z.31, kdf(~cak.21, 'KEK'))>,
                         kdf(~cak.21, 'ICK'))
    
    3. $Keyserver
             = $Keyserver.22
       ~cak  = ~cak.24
       c2    = c2.26
       icv3  = mac(<$Keyserver.22, mn_ks2.30, kn1.28, c2.26>,
                   kdf(~cak.24, 'ICK'))
       kn1   = kn1.28
       mn_ks2
             = mn_ks2.30
       z     = sdec(c2.26, kdf(~cak.24, 'KEK'))
       z.1   = mactrue
    
    4. $Keyserver
             = $Keyserver.22
       ~cak  = ~cak.24
       c2    = senc(z.34, kdf(~cak.24, 'KEK'))
       icv3  = mac(<$Keyserver.22, mn_ks2.30, kn1.28, 
                    senc(z.34, kdf(~cak.24, 'KEK'))>,
                   kdf(~cak.24, 'ICK'))
       kn1   = kn1.28
       mn_ks2
             = mn_ks2.30
       z     = z.34
       z.1   = mactrue
  */

restriction Restr_Rekey_KeyServer_Confirm_1:
  "∀ x #NOW x.1.
    (Restr_Rekey_KeyServer_Confirm_1( x, x.1 ) @ #NOW) ⇒ (x = x.1)"
  // safety formula

  /*
  expanded formula:
  "∀ x #NOW x.1.
    (Restr_Rekey_KeyServer_Confirm_1( x, x.1 ) @ #NOW) ⇒ (x = x.1)"
  */

restriction Restr_Rekey_KeyServer_Confirm_2:
  "∀ x #NOW. (Restr_Rekey_KeyServer_Confirm_2( x ) @ #NOW) ⇒ (x = mactrue)"
  // safety formula

  /*
  expanded formula:
  "∀ x #NOW. (Restr_Rekey_KeyServer_Confirm_2( x ) @ #NOW) ⇒ (x = mactrue)"
  */

rule (modulo E) Rekey_KeyServer_Confirm:
   [
   In( <$Server, mn_s2, kn1, icv4> ), !SharedCAK( ~cak ),
   KSSTATE2( mn_ks2, mn_s1, kn1, sak2 )
   ]
  --[
  RekeySessionCompleted( mn_ks2, mn_s2, kn1, sak2 ),
  Restr_Rekey_KeyServer_Confirm_1( mn_s2, count(mn_s1) ),
  Restr_Rekey_KeyServer_Confirm_2( macverify(icv4, <$Server, mn_s2, kn1>,
                                             kdf(~cak, 'ICK'))
  )
  ]->
   [ ]

  /*
  rule (modulo AC) Rekey_KeyServer_Confirm:
     [
     In( <$Server, mn_s2, kn1, icv4> ), !SharedCAK( ~cak ),
     KSSTATE2( mn_ks2, mn_s1, kn1, sak2 )
     ]
    --[
    RekeySessionCompleted( mn_ks2, mn_s2, kn1, sak2 ),
    Restr_Rekey_KeyServer_Confirm_1( mn_s2, count(mn_s1) ),
    Restr_Rekey_KeyServer_Confirm_2( z )
    ]->
     [ ]
    variants (modulo AC)
    1. $Server
             = $Server.10
       ~cak  = ~cak.10
       icv4  = icv4.10
       kn1   = kn1.10
       mn_s2 = mn_s2.10
       z     = macverify(icv4.10, <$Server.10, mn_s2.10, kn1.10>,
                         kdf(~cak.10, 'ICK'))
    
    2. $Server
             = $x.10
       ~cak  = ~x.11
       icv4  = mac(<$x.10, x.12, x.13>, kdf(~x.11, 'ICK'))
       kn1   = x.13
       mn_s2 = x.12
       z     = mactrue
  */

rule (modulo E) Reveal_SAK:
   [ KSSTATE0( mn_ks, mn_s, kn, sak ) ]
  --[ RevealSAK( mn_ks, mn_s, kn, sak ) ]->
   [ Out( sak ) ]

  /* has exactly the trivial AC variant */

rule (modulo E) Reveal_CAK:
   [ !SharedCAK( ~cak ) ] --[ RevealCAK( ~cak ) ]-> [ Out( ~cak ) ]

  /* has exactly the trivial AC variant */

rule (modulo E) Malicious_KeyServer_Send:
   [ !SharedCAK( ~cak ), Fr( ~fakeSAK ), Fr( ~kn ) ]
  --[ MaliciousSAKSent( ~fakeSAK ) ]->
   [
   Out( <$Keyserver, count(genMN($Keyserver)), ~kn, 
         senc(~fakeSAK, kdf(~cak, 'KEK')), 
         mac(<$Keyserver, count(genMN($Keyserver)), ~kn, 
              senc(~fakeSAK, kdf(~cak, 'KEK'))>,
             kdf(~cak, 'ICK'))
        >
   )
   ]

  /* has exactly the trivial AC variant */

lemma executable:
  exists-trace
  "∃ mn_ks1 mn_s1 kn sak1 mn_ks2 mn_s2 kn1 sak2 #i #j.
    (InitialSessionCompleted( mn_ks1, mn_s1, kn, sak1 ) @ #i) ∧
    (RekeySessionCompleted( mn_ks2, mn_s2, kn1, sak2 ) @ #j)"
/*
guarded formula characterizing all satisfying traces:
"∃ mn_ks1 mn_s1 kn sak1 mn_ks2 mn_s2 kn1 sak2 #i #j.
  (InitialSessionCompleted( mn_ks1, mn_s1, kn, sak1 ) @ #i) ∧
  (RekeySessionCompleted( mn_ks2, mn_s2, kn1, sak2 ) @ #j)"
*/
simplify
solve( !SharedCAK( ~cak ) ▶₁ #i )
  case Setup_CAK
  solve( KSSTATE0( mn_ks1, mn_s, ~kn, sak1 ) ▶₂ #i )
    case Initial_KeyServer_Send
    solve( !SharedCAK( ~cak.2 ) ▶₁ #j )
      case Setup_CAK
      solve( KSSTATE2( mn_ks2, mn_s1, kn1, sak2 ) ▶₂ #j )
        case Rekey_KeyServer_Send
        solve( !KU( mac(<$Server, count(genMN($Server.1)), ~kn>,
                        kdf(~cak, 'ICK'))
               ) @ #vk.6 )
          case Initial_Server_Receive
          solve( splitEqs(2) )
            case split_case_1
            solve( !KU( mac(<$Server.1, count(count(genMN($Server.2))), count(~kn.1)
                            >,
                            kdf(~cak.2, 'ICK'))
                   ) @ #vk.15 )
              case c_mac
              solve( !KU( mac(<$Server.3, count(genMN($Server.2)), ~kn.1>,
                              kdf(~cak.5, 'ICK'))
                     ) @ #vk.25 )
                case Initial_Server_Receive
                solve( splitEqs(4) )
                  case split_case_1
                  solve( !KU( mac(<$Keyserver.3, count(genMN($Keyserver.3)), ~kn, c1>,
                                  kdf(~cak, 'ICK'))
                         ) @ #vk.32 )
                    case c_mac
                    solve( !KU( kdf(~cak.2, 'ICK') ) @ #vk.37 )
                      case c_kdf
                      solve( !KU( ~cak.2 ) @ #vk.44 )
                        case Reveal_CAK
                        solve( !KU( mac(<$Keyserver.4, count(genMN($Keyserver.4)), ~kn.1, 
                                         senc(z, kdf(~cak.4, 'KEK'))>,
                                        kdf(~cak.4, 'ICK'))
                               ) @ #vk.43 )
                          case Initial_KeyServer_Send
                          solve( !KU( kdf(~cak, 'ICK') ) @ #vk.44 )
                            case c_kdf
                            solve( !KU( ~cak ) @ #vk.46 )
                              case Reveal_CAK
                              solve( !KU( ~kn ) @ #vk.28 )
                                case Initial_KeyServer_Send
                                solve( !KU( ~kn.1 ) @ #vk.39 )
                                  case Initial_KeyServer_Send
                                  solve( !KU( count(genMN($Server)) ) @ #vk.30 )
                                    case c_count
                                    solve( !KU( genMN($Server) ) @ #vk.47 )
                                      case c_genMN
                                      solve( !KU( count(count(genMN($Server.2))) ) @ #vk.36 )
                                        case c_count
                                        solve( !KU( count(genMN($Server.2)) ) @ #vk.40 )
                                          case c_count
                                          solve( !KU( genMN($Server.2) ) @ #vk.48 )
                                            case c_genMN
                                            solve( !KU( count(~kn.1) ) @ #vk.40 )
                                              case Rekey_KeyServer_Send
                                              solve( !KU( count(genMN($Keyserver.3)) ) @ #vk.43 )
                                                case c_count
                                                solve( !KU( genMN($Keyserver.3) ) @ #vk.49 )
                                                  case c_genMN
                                                  solve( !KU( count(genMN($Keyserver.1)) ) @ #vk.47 )
                                                    case c_count
                                                    solve( !KU( genMN($Keyserver.1) ) @ #vk.50 )
                                                      case c_genMN
                                                      solve( !KU( senc(kdf(~cak.4,
                                                                           <$Keyserver.1, ~kn.1, ~KS_nonce0.1
                                                                           >),
                                                                       kdf(~cak.4, 'KEK'))
                                                             ) @ #vk.49 )
                                                        case Initial_KeyServer_Send
                                                        SOLVED // trace found
                                                      qed
                                                    qed
                                                  qed
                                                qed
                                              qed
                                            qed
                                          qed
                                        qed
                                      qed
                                    qed
                                  qed
                                qed
                              qed
                            qed
                          qed
                        qed
                      qed
                    qed
                  qed
                qed
              qed
            qed
          qed
        qed
      qed
    qed
  qed
qed

lemma initial_agreement:
  all-traces
  "∀ mn_ks1 mn_s1 kn sak1 #i.
    (InitialSessionCompleted( mn_ks1, mn_s1, kn, sak1 ) @ #i) ⇒
    (∃ #j. (SentInitialSAK( mn_ks1, kn, sak1 ) @ #j) ∧ (#j < #i))"
/*
guarded formula characterizing all counter-examples:
"∃ mn_ks1 mn_s1 kn sak1 #i.
  (InitialSessionCompleted( mn_ks1, mn_s1, kn, sak1 ) @ #i)
 ∧
  ∀ #j. (SentInitialSAK( mn_ks1, kn, sak1 ) @ #j) ⇒ ¬(#j < #i)"
*/
simplify
solve( !SharedCAK( ~cak ) ▶₁ #i )
  case Setup_CAK
  solve( KSSTATE0( mn_ks1, mn_s, ~kn, sak1 ) ▶₂ #i )
    case Initial_KeyServer_Send
    by contradiction /* from formulas */
  qed
qed

lemma rekey_agreement:
  all-traces
  "∀ mn_ks2 mn_s2 kn1 sak2 #i.
    (RekeySessionCompleted( mn_ks2, mn_s2, kn1, sak2 ) @ #i) ⇒
    (∃ #j. (RekeyStarted( mn_ks2, kn1, sak2 ) @ #j) ∧ (#j < #i))"
/*
guarded formula characterizing all counter-examples:
"∃ mn_ks2 mn_s2 kn1 sak2 #i.
  (RekeySessionCompleted( mn_ks2, mn_s2, kn1, sak2 ) @ #i)
 ∧
  ∀ #j. (RekeyStarted( mn_ks2, kn1, sak2 ) @ #j) ⇒ ¬(#j < #i)"
*/
simplify
solve( !SharedCAK( ~cak ) ▶₁ #i )
  case Setup_CAK
  solve( KSSTATE2( mn_ks2, mn_s1, kn1, sak2 ) ▶₂ #i )
    case Rekey_KeyServer_Send
    by contradiction /* from formulas */
  qed
qed

lemma server_authentication_initial:
  all-traces
  "∀ mn_ks1 mn_s1 kn sak1 #i.
    ((InitialSessionCompleted( mn_ks1, mn_s1, kn, sak1 ) @ #i) ∧
     (¬(∃ cak #k. RevealCAK( cak ) @ #k))) ⇒
    (∃ #j. (InitialAckPrepared( mn_s1, kn ) @ #j) ∧ (#j < #i))"
/*
guarded formula characterizing all counter-examples:
"∃ mn_ks1 mn_s1 kn sak1 #i.
  (InitialSessionCompleted( mn_ks1, mn_s1, kn, sak1 ) @ #i)
 ∧
  (∀ cak #k. (RevealCAK( cak ) @ #k) ⇒ ⊥) ∧
  (∀ #j. (InitialAckPrepared( mn_s1, kn ) @ #j) ⇒ ¬(#j < #i))"
*/
simplify
solve( !SharedCAK( ~cak ) ▶₁ #i )
  case Setup_CAK
  solve( KSSTATE0( mn_ks1, mn_s, ~kn, sak1 ) ▶₂ #i )
    case Initial_KeyServer_Send
    solve( !KU( mac(<$Server, count(genMN($Server.1)), ~kn>,
                    kdf(~cak, 'ICK'))
           ) @ #vk.6 )
      case Initial_Server_Receive
      by contradiction /* from formulas */
    next
      case c_mac
      solve( !KU( kdf(~cak, 'ICK') ) @ #vk.9 )
        case c_kdf
        solve( !KU( ~cak ) @ #vk.10 )
          case Reveal_CAK
          by contradiction /* from formulas */
        qed
      qed
    qed
  qed
qed

lemma server_authentication_rekey:
  all-traces
  "∀ mn_ks2 mn_s2 kn1 sak2 #i.
    ((RekeySessionCompleted( mn_ks2, mn_s2, kn1, sak2 ) @ #i) ∧
     (¬(∃ cak #k. RevealCAK( cak ) @ #k))) ⇒
    (∃ #j. (RekeyAckPrepared( mn_ks2, kn1, sak2 ) @ #j) ∧ (#j < #i))"
/*
guarded formula characterizing all counter-examples:
"∃ mn_ks2 mn_s2 kn1 sak2 #i.
  (RekeySessionCompleted( mn_ks2, mn_s2, kn1, sak2 ) @ #i)
 ∧
  (∀ cak #k. (RevealCAK( cak ) @ #k) ⇒ ⊥) ∧
  (∀ #j. (RekeyAckPrepared( mn_ks2, kn1, sak2 ) @ #j) ⇒ ¬(#j < #i))"
*/
simplify
solve( !SharedCAK( ~cak ) ▶₁ #i )
  case Setup_CAK
  solve( KSSTATE2( mn_ks2, mn_s1, kn1, sak2 ) ▶₂ #i )
    case Rekey_KeyServer_Send
    solve( !KU( mac(<$Server, count(count(genMN($Server.1))), count(~kn)>,
                    kdf(~cak, 'ICK'))
           ) @ #vk.6 )
      case Rekey_Server_Receive
      solve( splitEqs(1) )
        case split_case_1
        solve( splitEqs(2) )
          case split_case_1
          solve( !KU( mac(<$Server.2, count(genMN($Server.1)), ~kn>,
                          kdf(~cak.3, 'ICK'))
                 ) @ #vk.19 )
            case Initial_Server_Receive
            solve( splitEqs(5) )
              case split_case_1
              solve( !KU( mac(<$Keyserver.2, count(count(genMN($Keyserver.3))), 
                               count(~kn), c2>,
                              kdf(~cak, 'ICK'))
                     ) @ #vk.26 )
                case Rekey_KeyServer_Send
                by contradiction /* non-normal terms */
              next
                case c_mac
                solve( !KU( mac(<$Keyserver.3, count(genMN($Keyserver.3)), ~kn, c1>,
                                kdf(~cak.4, 'ICK'))
                       ) @ #vk.35 )
                  case Initial_KeyServer_Send
                  by contradiction /* non-normal terms */
                next
                  case c_mac
                  solve( !KU( mac(<$Keyserver.4, count(genMN($Keyserver.4)), ~kn, 
                                   senc(z, kdf(~cak.2, 'KEK'))>,
                                  kdf(~cak.2, 'ICK'))
                         ) @ #vk.43 )
                    case Initial_KeyServer_Send
                    solve( !KU( kdf(~cak, 'ICK') ) @ #vk.44 )
                      case c_kdf
                      solve( !KU( ~cak ) @ #vk.46 )
                        case Reveal_CAK
                        by contradiction /* from formulas */
                      qed
                    qed
                  next
                    case c_mac
                    solve( !KU( senc(z, kdf(~cak.2, 'KEK')) ) @ #vk.46 )
                      case Initial_KeyServer_Send
                      solve( !KU( kdf(~cak, 'ICK') ) @ #vk.47 )
                        case c_kdf
                        solve( !KU( ~cak ) @ #vk.50 )
                          case Reveal_CAK
                          by contradiction /* from formulas */
                        qed
                      qed
                    next
                      case Malicious_KeyServer_Send
                      solve( !KU( kdf(~cak, 'ICK') ) @ #vk.47 )
                        case c_kdf
                        solve( !KU( ~cak ) @ #vk.50 )
                          case Reveal_CAK
                          by contradiction /* from formulas */
                        qed
                      qed
                    next
                      case Rekey_KeyServer_Send
                      solve( !KU( kdf(~cak, 'ICK') ) @ #vk.47 )
                        case c_kdf
                        solve( !KU( ~cak ) @ #vk.57 )
                          case Reveal_CAK
                          by contradiction /* from formulas */
                        qed
                      qed
                    next
                      case c_senc
                      solve( !KU( kdf(~cak, 'ICK') ) @ #vk.47 )
                        case c_kdf
                        solve( !KU( ~cak ) @ #vk.52 )
                          case Reveal_CAK
                          by contradiction /* from formulas */
                        qed
                      qed
                    qed
                  qed
                qed
              qed
            next
              case split_case_2
              solve( !KU( mac(<$Keyserver.2, count(count(genMN($Keyserver.3))), 
                               count(~kn), c2>,
                              kdf(~cak, 'ICK'))
                     ) @ #vk.26 )
                case Rekey_KeyServer_Send
                by contradiction /* non-normal terms */
              next
                case c_mac
                solve( !KU( mac(<$Keyserver.3, count(genMN($Keyserver.3)), ~kn, c1>,
                                kdf(~cak.4, 'ICK'))
                       ) @ #vk.35 )
                  case Initial_KeyServer_Send
                  by contradiction /* non-normal terms */
                next
                  case c_mac
                  solve( !KU( mac(<$Keyserver.4, count(genMN($Keyserver.4)), ~kn, c1.1>,
                                  kdf(~cak.2, 'ICK'))
                         ) @ #vk.43 )
                    case Initial_KeyServer_Send
                    by contradiction /* non-normal terms */
                  next
                    case c_mac
                    solve( !KU( kdf(~cak, 'ICK') ) @ #vk.47 )
                      case c_kdf
                      solve( !KU( ~cak ) @ #vk.50 )
                        case Reveal_CAK
                        by contradiction /* from formulas */
                      qed
                    qed
                  qed
                qed
              qed
            qed
          next
            case c_mac
            solve( !KU( mac(<$Keyserver.2, count(count(genMN($Keyserver.3))), 
                             count(~kn), c2>,
                            kdf(~cak, 'ICK'))
                   ) @ #vk.26 )
              case Rekey_KeyServer_Send
              by contradiction /* non-normal terms */
            next
              case c_mac
              solve( !KU( mac(<$Keyserver.3, count(genMN($Keyserver.3)), ~kn, c1>,
                              kdf(~cak.4, 'ICK'))
                     ) @ #vk.34 )
                case Initial_KeyServer_Send
                by contradiction /* non-normal terms */
              next
                case c_mac
                solve( !KU( kdf(~cak.2, 'ICK') ) @ #vk.38 )
                  case c_kdf
                  solve( !KU( ~cak.2 ) @ #vk.41 )
                    case Reveal_CAK
                    by contradiction /* from formulas */
                  qed
                qed
              qed
            qed
          qed
        next
          case split_case_2
          solve( !KU( mac(<$Server.2, count(genMN($Server.1)), ~kn>,
                          kdf(~cak.3, 'ICK'))
                 ) @ #vk.19 )
            case Initial_Server_Receive
            solve( splitEqs(5) )
              case split_case_1
              solve( !KU( mac(<$Keyserver.2, count(count(genMN($Keyserver.3))), 
                               count(~kn), senc(z, kdf(~cak, 'KEK'))>,
                              kdf(~cak, 'ICK'))
                     ) @ #vk.26 )
                case Rekey_KeyServer_Send
                by contradiction /* from formulas */
              next
                case c_mac
                solve( !KU( mac(<$Keyserver.3, count(genMN($Keyserver.3)), ~kn, c1>,
                                kdf(~cak.4, 'ICK'))
                       ) @ #vk.35 )
                  case Initial_KeyServer_Send
                  by contradiction /* non-normal terms */
                next
                  case c_mac
                  solve( !KU( senc(z, kdf(~cak, 'KEK')) ) @ #vk.32 )
                    case Initial_KeyServer_Send
                    solve( !KU( mac(<$Keyserver.5, count(genMN($Keyserver.5)), ~kn, c1.1>,
                                    kdf(~cak.2, 'ICK'))
                           ) @ #vk.43 )
                      case Initial_KeyServer_Send
                      by contradiction /* non-normal terms */
                    next
                      case c_mac
                      solve( !KU( kdf(~cak, 'ICK') ) @ #vk.47 )
                        case c_kdf
                        solve( !KU( ~cak ) @ #vk.50 )
                          case Reveal_CAK
                          by contradiction /* from formulas */
                        qed
                      qed
                    qed
                  next
                    case Malicious_KeyServer_Send
                    solve( !KU( mac(<$Keyserver.4, count(genMN($Keyserver.4)), ~kn, c1.1>,
                                    kdf(~cak.2, 'ICK'))
                           ) @ #vk.43 )
                      case Initial_KeyServer_Send
                      by contradiction /* non-normal terms */
                    next
                      case c_mac
                      solve( !KU( kdf(~cak, 'ICK') ) @ #vk.47 )
                        case c_kdf
                        solve( !KU( ~cak ) @ #vk.50 )
                          case Reveal_CAK
                          by contradiction /* from formulas */
                        qed
                      qed
                    qed
                  next
                    case Rekey_KeyServer_Send
                    solve( !KU( mac(<$Keyserver.5, count(genMN($Keyserver.5)), ~kn, c1.1>,
                                    kdf(~cak.2, 'ICK'))
                           ) @ #vk.43 )
                      case Initial_KeyServer_Send
                      by contradiction /* non-normal terms */
                    next
                      case c_mac
                      solve( !KU( kdf(~cak, 'ICK') ) @ #vk.47 )
                        case c_kdf
                        solve( !KU( ~cak ) @ #vk.57 )
                          case Reveal_CAK
                          by contradiction /* from formulas */
                        qed
                      qed
                    qed
                  next
                    case c_senc
                    solve( !KU( mac(<$Keyserver.4, count(genMN($Keyserver.4)), ~kn, c1.1>,
                                    kdf(~cak.2, 'ICK'))
                           ) @ #vk.43 )
                      case Initial_KeyServer_Send
                      by contradiction /* non-normal terms */
                    next
                      case c_mac
                      solve( !KU( kdf(~cak, 'ICK') ) @ #vk.47 )
                        case c_kdf
                        solve( !KU( ~cak ) @ #vk.52 )
                          case Reveal_CAK
                          by contradiction /* from formulas */
                        qed
                      qed
                    qed
                  qed
                qed
              qed
            next
              case split_case_2
              solve( !KU( mac(<$Keyserver.2, count(count(genMN($Keyserver.3))), 
                               count(~kn), senc(z, kdf(~cak, 'KEK'))>,
                              kdf(~cak, 'ICK'))
                     ) @ #vk.26 )
                case Rekey_KeyServer_Send
                by contradiction /* from formulas */
              next
                case c_mac
                solve( !KU( mac(<$Keyserver.3, count(genMN($Keyserver.3)), ~kn, c1>,
                                kdf(~cak.4, 'ICK'))
                       ) @ #vk.35 )
                  case Initial_KeyServer_Send
                  by contradiction /* non-normal terms */
                next
                  case c_mac
                  solve( !KU( senc(z, kdf(~cak, 'KEK')) ) @ #vk.32 )
                    case Initial_KeyServer_Send
                    solve( !KU( mac(<$Keyserver.5, count(genMN($Keyserver.5)), ~kn, 
                                     senc(z, kdf(~cak.2, 'KEK'))>,
                                    kdf(~cak.2, 'ICK'))
                           ) @ #vk.43 )
                      case Initial_KeyServer_Send
                      solve( !KU( kdf(~cak, 'ICK') ) @ #vk.44 )
                        case c_kdf
                        solve( !KU( ~cak ) @ #vk.46 )
                          case Reveal_CAK
                          by contradiction /* from formulas */
                        qed
                      qed
                    next
                      case c_mac
                      solve( !KU( senc(z, kdf(~cak.2, 'KEK')) ) @ #vk.46 )
                        case Initial_KeyServer_Send
                        solve( !KU( kdf(~cak, 'ICK') ) @ #vk.47 )
                          case c_kdf
                          solve( !KU( ~cak ) @ #vk.50 )
                            case Reveal_CAK
                            by contradiction /* from formulas */
                          qed
                        qed
                      next
                        case Malicious_KeyServer_Send
                        solve( !KU( kdf(~cak, 'ICK') ) @ #vk.47 )
                          case c_kdf
                          solve( !KU( ~cak ) @ #vk.50 )
                            case Reveal_CAK
                            by contradiction /* from formulas */
                          qed
                        qed
                      next
                        case Rekey_KeyServer_Send
                        solve( !KU( kdf(~cak, 'ICK') ) @ #vk.47 )
                          case c_kdf
                          solve( !KU( ~cak ) @ #vk.57 )
                            case Reveal_CAK
                            by contradiction /* from formulas */
                          qed
                        qed
                      next
                        case c_senc
                        solve( !KU( kdf(~cak, 'ICK') ) @ #vk.47 )
                          case c_kdf
                          solve( !KU( ~cak ) @ #vk.52 )
                            case Reveal_CAK
                            by contradiction /* from formulas */
                          qed
                        qed
                      qed
                    qed
                  next
                    case Malicious_KeyServer_Send
                    solve( !KU( mac(<$Keyserver.4, count(genMN($Keyserver.4)), ~kn, 
                                     senc(z, kdf(~cak.2, 'KEK'))>,
                                    kdf(~cak.2, 'ICK'))
                           ) @ #vk.43 )
                      case Initial_KeyServer_Send
                      solve( !KU( kdf(~cak, 'ICK') ) @ #vk.44 )
                        case c_kdf
                        solve( !KU( ~cak ) @ #vk.46 )
                          case Reveal_CAK
                          by contradiction /* from formulas */
                        qed
                      qed
                    next
                      case c_mac
                      solve( !KU( senc(z, kdf(~cak.2, 'KEK')) ) @ #vk.46 )
                        case Initial_KeyServer_Send
                        solve( !KU( kdf(~cak, 'ICK') ) @ #vk.47 )
                          case c_kdf
                          solve( !KU( ~cak ) @ #vk.50 )
                            case Reveal_CAK
                            by contradiction /* from formulas */
                          qed
                        qed
                      next
                        case Malicious_KeyServer_Send
                        solve( !KU( kdf(~cak, 'ICK') ) @ #vk.47 )
                          case c_kdf
                          solve( !KU( ~cak ) @ #vk.50 )
                            case Reveal_CAK
                            by contradiction /* from formulas */
                          qed
                        qed
                      next
                        case Rekey_KeyServer_Send
                        solve( !KU( kdf(~cak, 'ICK') ) @ #vk.47 )
                          case c_kdf
                          solve( !KU( ~cak ) @ #vk.57 )
                            case Reveal_CAK
                            by contradiction /* from formulas */
                          qed
                        qed
                      next
                        case c_senc
                        solve( !KU( kdf(~cak, 'ICK') ) @ #vk.47 )
                          case c_kdf
                          solve( !KU( ~cak ) @ #vk.52 )
                            case Reveal_CAK
                            by contradiction /* from formulas */
                          qed
                        qed
                      qed
                    qed
                  next
                    case Rekey_KeyServer_Send
                    solve( !KU( mac(<$Keyserver.5, count(genMN($Keyserver.5)), ~kn, 
                                     senc(z, kdf(~cak.2, 'KEK'))>,
                                    kdf(~cak.2, 'ICK'))
                           ) @ #vk.43 )
                      case Initial_KeyServer_Send
                      solve( !KU( kdf(~cak, 'ICK') ) @ #vk.44 )
                        case c_kdf
                        solve( !KU( ~cak ) @ #vk.53 )
                          case Reveal_CAK
                          by contradiction /* from formulas */
                        qed
                      qed
                    next
                      case c_mac
                      solve( !KU( senc(z, kdf(~cak.2, 'KEK')) ) @ #vk.46 )
                        case Initial_KeyServer_Send
                        solve( !KU( kdf(~cak, 'ICK') ) @ #vk.47 )
                          case c_kdf
                          solve( !KU( ~cak ) @ #vk.57 )
                            case Reveal_CAK
                            by contradiction /* from formulas */
                          qed
                        qed
                      next
                        case Malicious_KeyServer_Send
                        solve( !KU( kdf(~cak, 'ICK') ) @ #vk.47 )
                          case c_kdf
                          solve( !KU( ~cak ) @ #vk.57 )
                            case Reveal_CAK
                            by contradiction /* from formulas */
                          qed
                        qed
                      next
                        case Rekey_KeyServer_Send
                        solve( !KU( kdf(~cak, 'ICK') ) @ #vk.47 )
                          case c_kdf
                          solve( !KU( ~cak ) @ #vk.64 )
                            case Reveal_CAK
                            by contradiction /* from formulas */
                          qed
                        qed
                      next
                        case c_senc
                        solve( !KU( kdf(~cak, 'ICK') ) @ #vk.47 )
                          case c_kdf
                          solve( !KU( ~cak ) @ #vk.59 )
                            case Reveal_CAK
                            by contradiction /* from formulas */
                          qed
                        qed
                      qed
                    qed
                  next
                    case c_senc
                    solve( !KU( mac(<$Keyserver.4, count(genMN($Keyserver.4)), ~kn, 
                                     senc(z.1, kdf(~cak.2, 'KEK'))>,
                                    kdf(~cak.2, 'ICK'))
                           ) @ #vk.43 )
                      case Initial_KeyServer_Send
                      solve( !KU( kdf(~cak, 'ICK') ) @ #vk.44 )
                        case c_kdf
                        solve( !KU( ~cak ) @ #vk.48 )
                          case Reveal_CAK
                          by contradiction /* from formulas */
                        qed
                      qed
                    next
                      case c_mac
                      solve( !KU( senc(z.1, kdf(~cak.2, 'KEK')) ) @ #vk.46 )
                        case Initial_KeyServer_Send
                        solve( !KU( kdf(~cak, 'ICK') ) @ #vk.47 )
                          case c_kdf
                          solve( !KU( ~cak ) @ #vk.52 )
                            case Reveal_CAK
                            by contradiction /* from formulas */
                          qed
                        qed
                      next
                        case Malicious_KeyServer_Send
                        solve( !KU( kdf(~cak, 'ICK') ) @ #vk.47 )
                          case c_kdf
                          solve( !KU( ~cak ) @ #vk.52 )
                            case Reveal_CAK
                            by contradiction /* from formulas */
                          qed
                        qed
                      next
                        case Rekey_KeyServer_Send
                        solve( !KU( kdf(~cak, 'ICK') ) @ #vk.47 )
                          case c_kdf
                          solve( !KU( ~cak ) @ #vk.59 )
                            case Reveal_CAK
                            by contradiction /* from formulas */
                          qed
                        qed
                      next
                        case c_senc
                        solve( !KU( kdf(~cak, 'ICK') ) @ #vk.47 )
                          case c_kdf
                          solve( !KU( ~cak ) @ #vk.54 )
                            case Reveal_CAK
                            by contradiction /* from formulas */
                          qed
                        qed
                      qed
                    qed
                  qed
                qed
              qed
            qed
          next
            case c_mac
            solve( !KU( mac(<$Keyserver.2, count(count(genMN($Keyserver.3))), 
                             count(~kn), senc(z, kdf(~cak, 'KEK'))>,
                            kdf(~cak, 'ICK'))
                   ) @ #vk.26 )
              case Rekey_KeyServer_Send
              by contradiction /* from formulas */
            next
              case c_mac
              solve( !KU( mac(<$Keyserver.3, count(genMN($Keyserver.3)), ~kn, c1>,
                              kdf(~cak.4, 'ICK'))
                     ) @ #vk.34 )
                case Initial_KeyServer_Send
                by contradiction /* non-normal terms */
              next
                case c_mac
                solve( !KU( senc(z, kdf(~cak, 'KEK')) ) @ #vk.31 )
                  case Initial_KeyServer_Send
                  solve( !KU( kdf(~cak.2, 'ICK') ) @ #vk.38 )
                    case c_kdf
                    solve( !KU( ~cak.2 ) @ #vk.41 )
                      case Reveal_CAK
                      by contradiction /* from formulas */
                    qed
                  qed
                next
                  case Malicious_KeyServer_Send
                  solve( !KU( kdf(~cak.2, 'ICK') ) @ #vk.38 )
                    case c_kdf
                    solve( !KU( ~cak.2 ) @ #vk.41 )
                      case Reveal_CAK
                      by contradiction /* from formulas */
                    qed
                  qed
                next
                  case Rekey_KeyServer_Send
                  solve( !KU( kdf(~cak.2, 'ICK') ) @ #vk.38 )
                    case c_kdf
                    solve( !KU( ~cak.2 ) @ #vk.48 )
                      case Reveal_CAK
                      by contradiction /* from formulas */
                    qed
                  qed
                next
                  case c_senc
                  solve( !KU( kdf(~cak.2, 'ICK') ) @ #vk.38 )
                    case c_kdf
                    solve( !KU( ~cak.2 ) @ #vk.43 )
                      case Reveal_CAK
                      by contradiction /* from formulas */
                    qed
                  qed
                qed
              qed
            qed
          qed
        qed
      next
        case split_case_2
        solve( splitEqs(2) )
          case split_case_1
          solve( !KU( mac(<$Server.2, count(genMN($Server.1)), ~kn>,
                          kdf(~cak.3, 'ICK'))
                 ) @ #vk.19 )
            case Initial_Server_Receive
            solve( splitEqs(5) )
              case split_case_1
              solve( !KU( mac(<$Keyserver.2, count(count(genMN($Keyserver.3))), 
                               count(~kn), c2>,
                              kdf(~cak, 'ICK'))
                     ) @ #vk.26 )
                case Rekey_KeyServer_Send
                by contradiction /* non-normal terms */
              next
                case c_mac
                solve( !KU( mac(<$Keyserver.3, count(genMN($Keyserver.3)), ~kn, 
                                 senc(sak1, kdf(~cak.4, 'KEK'))>,
                                kdf(~cak.4, 'ICK'))
                       ) @ #vk.35 )
                  case Initial_KeyServer_Send
                  solve( !KU( mac(<$Keyserver.3, count(genMN($Keyserver.3)), ~kn, c1>,
                                  kdf(~cak.2, 'ICK'))
                         ) @ #vk.40 )
                    case Initial_KeyServer_Send
                    by contradiction /* non-normal terms */
                  next
                    case c_mac
                    solve( !KU( kdf(~cak, 'ICK') ) @ #vk.44 )
                      case c_kdf
                      solve( !KU( ~cak ) @ #vk.46 )
                        case Reveal_CAK
                        by contradiction /* from formulas */
                      qed
                    qed
                  qed
                next
                  case c_mac
                  solve( !KU( senc(sak1, kdf(~cak.4, 'KEK')) ) @ #vk.38 )
                    case Initial_KeyServer_Send
                    solve( !KU( mac(<$Keyserver.5, count(genMN($Keyserver.5)), ~kn, c1>,
                                    kdf(~cak.2, 'ICK'))
                           ) @ #vk.43 )
                      case Initial_KeyServer_Send
                      by contradiction /* non-normal terms */
                    next
                      case c_mac
                      solve( !KU( kdf(~cak, 'ICK') ) @ #vk.47 )
                        case c_kdf
                        solve( !KU( ~cak ) @ #vk.50 )
                          case Reveal_CAK
                          by contradiction /* from formulas */
                        qed
                      qed
                    qed
                  next
                    case Malicious_KeyServer_Send
                    solve( !KU( mac(<$Keyserver.4, count(genMN($Keyserver.4)), ~kn, c1>,
                                    kdf(~cak.2, 'ICK'))
                           ) @ #vk.43 )
                      case Initial_KeyServer_Send
                      by contradiction /* non-normal terms */
                    next
                      case c_mac
                      solve( !KU( kdf(~cak, 'ICK') ) @ #vk.47 )
                        case c_kdf
                        solve( !KU( ~cak ) @ #vk.50 )
                          case Reveal_CAK
                          by contradiction /* from formulas */
                        qed
                      qed
                    qed
                  next
                    case Rekey_KeyServer_Send
                    solve( !KU( mac(<$Keyserver.5, count(genMN($Keyserver.5)), ~kn, c1>,
                                    kdf(~cak.2, 'ICK'))
                           ) @ #vk.43 )
                      case Initial_KeyServer_Send
                      by contradiction /* non-normal terms */
                    next
                      case c_mac
                      solve( !KU( kdf(~cak, 'ICK') ) @ #vk.47 )
                        case c_kdf
                        solve( !KU( ~cak ) @ #vk.57 )
                          case Reveal_CAK
                          by contradiction /* from formulas */
                        qed
                      qed
                    qed
                  next
                    case c_senc
                    solve( !KU( mac(<$Keyserver.4, count(genMN($Keyserver.4)), ~kn, c1>,
                                    kdf(~cak.2, 'ICK'))
                           ) @ #vk.43 )
                      case Initial_KeyServer_Send
                      by contradiction /* non-normal terms */
                    next
                      case c_mac
                      solve( !KU( kdf(~cak, 'ICK') ) @ #vk.47 )
                        case c_kdf
                        solve( !KU( ~cak ) @ #vk.52 )
                          case Reveal_CAK
                          by contradiction /* from formulas */
                        qed
                      qed
                    qed
                  qed
                qed
              qed
            next
              case split_case_2
              solve( !KU( mac(<$Keyserver.2, count(count(genMN($Keyserver.3))), 
                               count(~kn), c2>,
                              kdf(~cak, 'ICK'))
                     ) @ #vk.26 )
                case Rekey_KeyServer_Send
                by contradiction /* non-normal terms */
              next
                case c_mac
                solve( !KU( mac(<$Keyserver.3, count(genMN($Keyserver.3)), ~kn, 
                                 senc(sak1, kdf(~cak.4, 'KEK'))>,
                                kdf(~cak.4, 'ICK'))
                       ) @ #vk.35 )
                  case Initial_KeyServer_Send
                  solve( !KU( mac(<$Keyserver.3, count(genMN($Keyserver.3)), ~kn, 
                                   senc(z, kdf(~cak.2, 'KEK'))>,
                                  kdf(~cak.2, 'ICK'))
                         ) @ #vk.40 )
                    case Initial_KeyServer_Send
                    solve( !KU( kdf(~cak, 'ICK') ) @ #vk.33 )
                      case c_kdf
                      solve( !KU( ~cak ) @ #vk.34 )
                        case Reveal_CAK
                        by contradiction /* from formulas */
                      qed
                    qed
                  next
                    case c_mac
                    solve( !KU( senc(z, kdf(~cak.2, 'KEK')) ) @ #vk.43 )
                      case Initial_KeyServer_Send
                      solve( !KU( kdf(~cak, 'ICK') ) @ #vk.44 )
                        case c_kdf
                        solve( !KU( ~cak ) @ #vk.46 )
                          case Reveal_CAK
                          by contradiction /* from formulas */
                        qed
                      qed
                    next
                      case Malicious_KeyServer_Send
                      solve( !KU( kdf(~cak, 'ICK') ) @ #vk.44 )
                        case c_kdf
                        solve( !KU( ~cak ) @ #vk.46 )
                          case Reveal_CAK
                          by contradiction /* from formulas */
                        qed
                      qed
                    next
                      case Rekey_KeyServer_Send
                      solve( !KU( kdf(~cak, 'ICK') ) @ #vk.44 )
                        case c_kdf
                        solve( !KU( ~cak ) @ #vk.53 )
                          case Reveal_CAK
                          by contradiction /* from formulas */
                        qed
                      qed
                    next
                      case c_senc
                      solve( !KU( kdf(~cak, 'ICK') ) @ #vk.44 )
                        case c_kdf
                        solve( !KU( ~cak ) @ #vk.48 )
                          case Reveal_CAK
                          by contradiction /* from formulas */
                        qed
                      qed
                    qed
                  qed
                next
                  case c_mac
                  solve( !KU( senc(sak1, kdf(~cak.4, 'KEK')) ) @ #vk.38 )
                    case Initial_KeyServer_Send
                    solve( !KU( mac(<$Keyserver.5, count(genMN($Keyserver.5)), ~kn, 
                                     senc(z, kdf(~cak.2, 'KEK'))>,
                                    kdf(~cak.2, 'ICK'))
                           ) @ #vk.43 )
                      case Initial_KeyServer_Send
                      solve( !KU( kdf(~cak, 'ICK') ) @ #vk.44 )
                        case c_kdf
                        solve( !KU( ~cak ) @ #vk.46 )
                          case Reveal_CAK
                          by contradiction /* from formulas */
                        qed
                      qed
                    next
                      case c_mac
                      solve( !KU( senc(z, kdf(~cak.2, 'KEK')) ) @ #vk.46 )
                        case Initial_KeyServer_Send
                        solve( !KU( kdf(~cak, 'ICK') ) @ #vk.47 )
                          case c_kdf
                          solve( !KU( ~cak ) @ #vk.50 )
                            case Reveal_CAK
                            by contradiction /* from formulas */
                          qed
                        qed
                      next
                        case Malicious_KeyServer_Send
                        solve( !KU( kdf(~cak, 'ICK') ) @ #vk.47 )
                          case c_kdf
                          solve( !KU( ~cak ) @ #vk.50 )
                            case Reveal_CAK
                            by contradiction /* from formulas */
                          qed
                        qed
                      next
                        case Rekey_KeyServer_Send
                        solve( !KU( kdf(~cak, 'ICK') ) @ #vk.47 )
                          case c_kdf
                          solve( !KU( ~cak ) @ #vk.57 )
                            case Reveal_CAK
                            by contradiction /* from formulas */
                          qed
                        qed
                      next
                        case c_senc
                        solve( !KU( kdf(~cak, 'ICK') ) @ #vk.47 )
                          case c_kdf
                          solve( !KU( ~cak ) @ #vk.52 )
                            case Reveal_CAK
                            by contradiction /* from formulas */
                          qed
                        qed
                      qed
                    qed
                  next
                    case Malicious_KeyServer_Send
                    solve( !KU( mac(<$Keyserver.4, count(genMN($Keyserver.4)), ~kn, 
                                     senc(z, kdf(~cak.2, 'KEK'))>,
                                    kdf(~cak.2, 'ICK'))
                           ) @ #vk.43 )
                      case Initial_KeyServer_Send
                      solve( !KU( kdf(~cak, 'ICK') ) @ #vk.44 )
                        case c_kdf
                        solve( !KU( ~cak ) @ #vk.46 )
                          case Reveal_CAK
                          by contradiction /* from formulas */
                        qed
                      qed
                    next
                      case c_mac
                      solve( !KU( senc(z, kdf(~cak.2, 'KEK')) ) @ #vk.46 )
                        case Initial_KeyServer_Send
                        solve( !KU( kdf(~cak, 'ICK') ) @ #vk.47 )
                          case c_kdf
                          solve( !KU( ~cak ) @ #vk.50 )
                            case Reveal_CAK
                            by contradiction /* from formulas */
                          qed
                        qed
                      next
                        case Malicious_KeyServer_Send
                        solve( !KU( kdf(~cak, 'ICK') ) @ #vk.47 )
                          case c_kdf
                          solve( !KU( ~cak ) @ #vk.50 )
                            case Reveal_CAK
                            by contradiction /* from formulas */
                          qed
                        qed
                      next
                        case Rekey_KeyServer_Send
                        solve( !KU( kdf(~cak, 'ICK') ) @ #vk.47 )
                          case c_kdf
                          solve( !KU( ~cak ) @ #vk.57 )
                            case Reveal_CAK
                            by contradiction /* from formulas */
                          qed
                        qed
                      next
                        case c_senc
                        solve( !KU( kdf(~cak, 'ICK') ) @ #vk.47 )
                          case c_kdf
                          solve( !KU( ~cak ) @ #vk.52 )
                            case Reveal_CAK
                            by contradiction /* from formulas */
                          qed
                        qed
                      qed
                    qed
                  next
                    case Rekey_KeyServer_Send
                    solve( !KU( mac(<$Keyserver.5, count(genMN($Keyserver.5)), ~kn, 
                                     senc(z, kdf(~cak.2, 'KEK'))>,
                                    kdf(~cak.2, 'ICK'))
                           ) @ #vk.43 )
                      case Initial_KeyServer_Send
                      solve( !KU( kdf(~cak, 'ICK') ) @ #vk.44 )
                        case c_kdf
                        solve( !KU( ~cak ) @ #vk.53 )
                          case Reveal_CAK
                          by contradiction /* from formulas */
                        qed
                      qed
                    next
                      case c_mac
                      solve( !KU( senc(z, kdf(~cak.2, 'KEK')) ) @ #vk.46 )
                        case Initial_KeyServer_Send
                        solve( !KU( kdf(~cak, 'ICK') ) @ #vk.47 )
                          case c_kdf
                          solve( !KU( ~cak ) @ #vk.57 )
                            case Reveal_CAK
                            by contradiction /* from formulas */
                          qed
                        qed
                      next
                        case Malicious_KeyServer_Send
                        solve( !KU( kdf(~cak, 'ICK') ) @ #vk.47 )
                          case c_kdf
                          solve( !KU( ~cak ) @ #vk.57 )
                            case Reveal_CAK
                            by contradiction /* from formulas */
                          qed
                        qed
                      next
                        case Rekey_KeyServer_Send
                        solve( !KU( kdf(~cak, 'ICK') ) @ #vk.47 )
                          case c_kdf
                          solve( !KU( ~cak ) @ #vk.64 )
                            case Reveal_CAK
                            by contradiction /* from formulas */
                          qed
                        qed
                      next
                        case c_senc
                        solve( !KU( kdf(~cak, 'ICK') ) @ #vk.47 )
                          case c_kdf
                          solve( !KU( ~cak ) @ #vk.59 )
                            case Reveal_CAK
                            by contradiction /* from formulas */
                          qed
                        qed
                      qed
                    qed
                  next
                    case c_senc
                    solve( !KU( mac(<$Keyserver.4, count(genMN($Keyserver.4)), ~kn, 
                                     senc(z, kdf(~cak.2, 'KEK'))>,
                                    kdf(~cak.2, 'ICK'))
                           ) @ #vk.43 )
                      case Initial_KeyServer_Send
                      solve( !KU( kdf(~cak, 'ICK') ) @ #vk.44 )
                        case c_kdf
                        solve( !KU( ~cak ) @ #vk.48 )
                          case Reveal_CAK
                          by contradiction /* from formulas */
                        qed
                      qed
                    next
                      case c_mac
                      solve( !KU( senc(z, kdf(~cak.2, 'KEK')) ) @ #vk.46 )
                        case Initial_KeyServer_Send
                        solve( !KU( kdf(~cak, 'ICK') ) @ #vk.47 )
                          case c_kdf
                          solve( !KU( ~cak ) @ #vk.52 )
                            case Reveal_CAK
                            by contradiction /* from formulas */
                          qed
                        qed
                      next
                        case Malicious_KeyServer_Send
                        solve( !KU( kdf(~cak, 'ICK') ) @ #vk.47 )
                          case c_kdf
                          solve( !KU( ~cak ) @ #vk.52 )
                            case Reveal_CAK
                            by contradiction /* from formulas */
                          qed
                        qed
                      next
                        case Rekey_KeyServer_Send
                        solve( !KU( kdf(~cak, 'ICK') ) @ #vk.47 )
                          case c_kdf
                          solve( !KU( ~cak ) @ #vk.59 )
                            case Reveal_CAK
                            by contradiction /* from formulas */
                          qed
                        qed
                      next
                        case c_senc
                        solve( !KU( kdf(~cak, 'ICK') ) @ #vk.47 )
                          case c_kdf
                          solve( !KU( ~cak ) @ #vk.54 )
                            case Reveal_CAK
                            by contradiction /* from formulas */
                          qed
                        qed
                      qed
                    qed
                  qed
                qed
              qed
            qed
          next
            case c_mac
            solve( !KU( mac(<$Keyserver.2, count(count(genMN($Keyserver.3))), 
                             count(~kn), c2>,
                            kdf(~cak, 'ICK'))
                   ) @ #vk.26 )
              case Rekey_KeyServer_Send
              by contradiction /* non-normal terms */
            next
              case c_mac
              solve( !KU( mac(<$Keyserver.3, count(genMN($Keyserver.3)), ~kn, 
                               senc(sak1, kdf(~cak.4, 'KEK'))>,
                              kdf(~cak.4, 'ICK'))
                     ) @ #vk.34 )
                case Initial_KeyServer_Send
                solve( !KU( kdf(~cak.2, 'ICK') ) @ #vk.35 )
                  case c_kdf
                  solve( !KU( ~cak.2 ) @ #vk.37 )
                    case Reveal_CAK
                    by contradiction /* from formulas */
                  qed
                qed
              next
                case c_mac
                solve( !KU( senc(sak1, kdf(~cak.4, 'KEK')) ) @ #vk.37 )
                  case Initial_KeyServer_Send
                  solve( !KU( kdf(~cak.2, 'ICK') ) @ #vk.38 )
                    case c_kdf
                    solve( !KU( ~cak.2 ) @ #vk.41 )
                      case Reveal_CAK
                      by contradiction /* from formulas */
                    qed
                  qed
                next
                  case Malicious_KeyServer_Send
                  solve( !KU( kdf(~cak.2, 'ICK') ) @ #vk.38 )
                    case c_kdf
                    solve( !KU( ~cak.2 ) @ #vk.41 )
                      case Reveal_CAK
                      by contradiction /* from formulas */
                    qed
                  qed
                next
                  case Rekey_KeyServer_Send
                  solve( !KU( kdf(~cak.2, 'ICK') ) @ #vk.38 )
                    case c_kdf
                    solve( !KU( ~cak.2 ) @ #vk.48 )
                      case Reveal_CAK
                      by contradiction /* from formulas */
                    qed
                  qed
                next
                  case c_senc
                  solve( !KU( kdf(~cak.2, 'ICK') ) @ #vk.38 )
                    case c_kdf
                    solve( !KU( ~cak.2 ) @ #vk.43 )
                      case Reveal_CAK
                      by contradiction /* from formulas */
                    qed
                  qed
                qed
              qed
            qed
          qed
        next
          case split_case_2
          solve( !KU( mac(<$Server.2, count(genMN($Server.1)), ~kn>,
                          kdf(~cak.3, 'ICK'))
                 ) @ #vk.19 )
            case Initial_Server_Receive
            solve( splitEqs(5) )
              case split_case_1
              solve( !KU( mac(<$Keyserver.2, count(count(genMN($Keyserver.3))), 
                               count(~kn), senc(z, kdf(~cak, 'KEK'))>,
                              kdf(~cak, 'ICK'))
                     ) @ #vk.26 )
                case Rekey_KeyServer_Send
                by contradiction /* from formulas */
              next
                case c_mac
                solve( !KU( mac(<$Keyserver.3, count(genMN($Keyserver.3)), ~kn, 
                                 senc(sak1, kdf(~cak.4, 'KEK'))>,
                                kdf(~cak.4, 'ICK'))
                       ) @ #vk.35 )
                  case Initial_KeyServer_Send
                  solve( !KU( senc(z, kdf(~cak, 'KEK')) ) @ #vk.31 )
                    case Initial_KeyServer_Send
                    solve( !KU( mac(<$Keyserver.4, count(genMN($Keyserver.4)), ~kn, c1>,
                                    kdf(~cak.2, 'ICK'))
                           ) @ #vk.40 )
                      case Initial_KeyServer_Send
                      by contradiction /* non-normal terms */
                    next
                      case c_mac
                      solve( !KU( kdf(~cak, 'ICK') ) @ #vk.44 )
                        case c_kdf
                        solve( !KU( ~cak ) @ #vk.46 )
                          case Reveal_CAK
                          by contradiction /* from formulas */
                        qed
                      qed
                    qed
                  next
                    case Malicious_KeyServer_Send
                    solve( !KU( mac(<$Keyserver.3, count(genMN($Keyserver.3)), ~kn, c1>,
                                    kdf(~cak.2, 'ICK'))
                           ) @ #vk.40 )
                      case Initial_KeyServer_Send
                      by contradiction /* non-normal terms */
                    next
                      case c_mac
                      solve( !KU( kdf(~cak, 'ICK') ) @ #vk.44 )
                        case c_kdf
                        solve( !KU( ~cak ) @ #vk.46 )
                          case Reveal_CAK
                          by contradiction /* from formulas */
                        qed
                      qed
                    qed
                  next
                    case Rekey_KeyServer_Send
                    solve( !KU( mac(<$Keyserver.4, count(genMN($Keyserver.4)), ~kn, c1>,
                                    kdf(~cak.2, 'ICK'))
                           ) @ #vk.40 )
                      case Initial_KeyServer_Send
                      by contradiction /* non-normal terms */
                    next
                      case c_mac
                      solve( !KU( kdf(~cak, 'ICK') ) @ #vk.44 )
                        case c_kdf
                        solve( !KU( ~cak ) @ #vk.53 )
                          case Reveal_CAK
                          by contradiction /* from formulas */
                        qed
                      qed
                    qed
                  next
                    case c_senc
                    solve( !KU( mac(<$Keyserver.3, count(genMN($Keyserver.3)), ~kn, c1>,
                                    kdf(~cak.2, 'ICK'))
                           ) @ #vk.40 )
                      case Initial_KeyServer_Send
                      by contradiction /* non-normal terms */
                    next
                      case c_mac
                      solve( !KU( kdf(~cak, 'ICK') ) @ #vk.44 )
                        case c_kdf
                        solve( !KU( ~cak ) @ #vk.48 )
                          case Reveal_CAK
                          by contradiction /* from formulas */
                        qed
                      qed
                    qed
                  qed
                next
                  case c_mac
                  solve( !KU( senc(sak1, kdf(~cak.4, 'KEK')) ) @ #vk.38 )
                    case Initial_KeyServer_Send
                    solve( !KU( senc(z, kdf(~cak, 'KEK')) ) @ #vk.35 )
                      case Initial_KeyServer_Send
                      solve( !KU( mac(<$Keyserver.6, count(genMN($Keyserver.6)), ~kn, c1>,
                                      kdf(~cak.2, 'ICK'))
                             ) @ #vk.43 )
                        case Initial_KeyServer_Send
                        by contradiction /* non-normal terms */
                      next
                        case c_mac
                        solve( !KU( kdf(~cak, 'ICK') ) @ #vk.47 )
                          case c_kdf
                          solve( !KU( ~cak ) @ #vk.50 )
                            case Reveal_CAK
                            by contradiction /* from formulas */
                          qed
                        qed
                      qed
                    next
                      case Malicious_KeyServer_Send
                      solve( !KU( mac(<$Keyserver.5, count(genMN($Keyserver.5)), ~kn, c1>,
                                      kdf(~cak.2, 'ICK'))
                             ) @ #vk.43 )
                        case Initial_KeyServer_Send
                        by contradiction /* non-normal terms */
                      next
                        case c_mac
                        solve( !KU( kdf(~cak, 'ICK') ) @ #vk.47 )
                          case c_kdf
                          solve( !KU( ~cak ) @ #vk.50 )
                            case Reveal_CAK
                            by contradiction /* from formulas */
                          qed
                        qed
                      qed
                    next
                      case Rekey_KeyServer_Send
                      solve( !KU( mac(<$Keyserver.6, count(genMN($Keyserver.6)), ~kn, c1>,
                                      kdf(~cak.2, 'ICK'))
                             ) @ #vk.43 )
                        case Initial_KeyServer_Send
                        by contradiction /* non-normal terms */
                      next
                        case c_mac
                        solve( !KU( kdf(~cak, 'ICK') ) @ #vk.47 )
                          case c_kdf
                          solve( !KU( ~cak ) @ #vk.57 )
                            case Reveal_CAK
                            by contradiction /* from formulas */
                          qed
                        qed
                      qed
                    next
                      case c_senc
                      solve( !KU( mac(<$Keyserver.5, count(genMN($Keyserver.5)), ~kn, c1>,
                                      kdf(~cak.2, 'ICK'))
                             ) @ #vk.43 )
                        case Initial_KeyServer_Send
                        by contradiction /* non-normal terms */
                      next
                        case c_mac
                        solve( !KU( kdf(~cak, 'ICK') ) @ #vk.47 )
                          case c_kdf
                          solve( !KU( ~cak ) @ #vk.52 )
                            case Reveal_CAK
                            by contradiction /* from formulas */
                          qed
                        qed
                      qed
                    qed
                  next
                    case Malicious_KeyServer_Send
                    solve( !KU( senc(z, kdf(~cak, 'KEK')) ) @ #vk.35 )
                      case Initial_KeyServer_Send
                      solve( !KU( mac(<$Keyserver.6, count(genMN($Keyserver.6)), ~kn, c1>,
                                      kdf(~cak.2, 'ICK'))
                             ) @ #vk.43 )
                        case Initial_KeyServer_Send
                        by contradiction /* non-normal terms */
                      next
                        case c_mac
                        solve( !KU( kdf(~cak, 'ICK') ) @ #vk.47 )
                          case c_kdf
                          solve( !KU( ~cak ) @ #vk.50 )
                            case Reveal_CAK
                            by contradiction /* from formulas */
                          qed
                        qed
                      qed
                    next
                      case Malicious_KeyServer_Send
                      solve( !KU( mac(<$Keyserver.5, count(genMN($Keyserver.5)), ~kn, c1>,
                                      kdf(~cak.2, 'ICK'))
                             ) @ #vk.43 )
                        case Initial_KeyServer_Send
                        by contradiction /* non-normal terms */
                      next
                        case c_mac
                        solve( !KU( kdf(~cak, 'ICK') ) @ #vk.47 )
                          case c_kdf
                          solve( !KU( ~cak ) @ #vk.50 )
                            case Reveal_CAK
                            by contradiction /* from formulas */
                          qed
                        qed
                      qed
                    next
                      case Rekey_KeyServer_Send
                      solve( !KU( mac(<$Keyserver.6, count(genMN($Keyserver.6)), ~kn, c1>,
                                      kdf(~cak.2, 'ICK'))
                             ) @ #vk.43 )
                        case Initial_KeyServer_Send
                        by contradiction /* non-normal terms */
                      next
                        case c_mac
                        solve( !KU( kdf(~cak, 'ICK') ) @ #vk.47 )
                          case c_kdf
                          solve( !KU( ~cak ) @ #vk.57 )
                            case Reveal_CAK
                            by contradiction /* from formulas */
                          qed
                        qed
                      qed
                    next
                      case c_senc
                      solve( !KU( mac(<$Keyserver.5, count(genMN($Keyserver.5)), ~kn, c1>,
                                      kdf(~cak.2, 'ICK'))
                             ) @ #vk.43 )
                        case Initial_KeyServer_Send
                        by contradiction /* non-normal terms */
                      next
                        case c_mac
                        solve( !KU( kdf(~cak, 'ICK') ) @ #vk.47 )
                          case c_kdf
                          solve( !KU( ~cak ) @ #vk.52 )
                            case Reveal_CAK
                            by contradiction /* from formulas */
                          qed
                        qed
                      qed
                    qed
                  next
                    case Rekey_KeyServer_Send
                    solve( !KU( senc(z, kdf(~cak, 'KEK')) ) @ #vk.35 )
                      case Initial_KeyServer_Send
                      solve( !KU( mac(<$Keyserver.7, count(genMN($Keyserver.7)), ~kn, c1>,
                                      kdf(~cak.2, 'ICK'))
                             ) @ #vk.43 )
                        case Initial_KeyServer_Send
                        by contradiction /* non-normal terms */
                      next
                        case c_mac
                        solve( !KU( kdf(~cak, 'ICK') ) @ #vk.47 )
                          case c_kdf
                          solve( !KU( ~cak ) @ #vk.57 )
                            case Reveal_CAK
                            by contradiction /* from formulas */
                          qed
                        qed
                      qed
                    next
                      case Malicious_KeyServer_Send
                      solve( !KU( mac(<$Keyserver.6, count(genMN($Keyserver.6)), ~kn, c1>,
                                      kdf(~cak.2, 'ICK'))
                             ) @ #vk.43 )
                        case Initial_KeyServer_Send
                        by contradiction /* non-normal terms */
                      next
                        case c_mac
                        solve( !KU( kdf(~cak, 'ICK') ) @ #vk.47 )
                          case c_kdf
                          solve( !KU( ~cak ) @ #vk.57 )
                            case Reveal_CAK
                            by contradiction /* from formulas */
                          qed
                        qed
                      qed
                    next
                      case Rekey_KeyServer_Send
                      solve( !KU( mac(<$Keyserver.7, count(genMN($Keyserver.7)), ~kn, c1>,
                                      kdf(~cak.2, 'ICK'))
                             ) @ #vk.43 )
                        case Initial_KeyServer_Send
                        by contradiction /* non-normal terms */
                      next
                        case c_mac
                        solve( !KU( kdf(~cak, 'ICK') ) @ #vk.47 )
                          case c_kdf
                          solve( !KU( ~cak ) @ #vk.64 )
                            case Reveal_CAK
                            by contradiction /* from formulas */
                          qed
                        qed
                      qed
                    next
                      case c_senc
                      solve( !KU( mac(<$Keyserver.6, count(genMN($Keyserver.6)), ~kn, c1>,
                                      kdf(~cak.2, 'ICK'))
                             ) @ #vk.43 )
                        case Initial_KeyServer_Send
                        by contradiction /* non-normal terms */
                      next
                        case c_mac
                        solve( !KU( kdf(~cak, 'ICK') ) @ #vk.47 )
                          case c_kdf
                          solve( !KU( ~cak ) @ #vk.59 )
                            case Reveal_CAK
                            by contradiction /* from formulas */
                          qed
                        qed
                      qed
                    qed
                  next
                    case c_senc
                    solve( !KU( senc(z, kdf(~cak, 'KEK')) ) @ #vk.35 )
                      case Initial_KeyServer_Send
                      solve( !KU( mac(<$Keyserver.5, count(genMN($Keyserver.5)), ~kn, c1>,
                                      kdf(~cak.2, 'ICK'))
                             ) @ #vk.43 )
                        case Initial_KeyServer_Send
                        by contradiction /* non-normal terms */
                      next
                        case c_mac
                        solve( !KU( kdf(~cak, 'ICK') ) @ #vk.47 )
                          case c_kdf
                          solve( !KU( ~cak ) @ #vk.52 )
                            case Reveal_CAK
                            by contradiction /* from formulas */
                          qed
                        qed
                      qed
                    next
                      case Malicious_KeyServer_Send
                      solve( !KU( mac(<$Keyserver.4, count(genMN($Keyserver.4)), ~kn, c1>,
                                      kdf(~cak.2, 'ICK'))
                             ) @ #vk.43 )
                        case Initial_KeyServer_Send
                        by contradiction /* non-normal terms */
                      next
                        case c_mac
                        solve( !KU( kdf(~cak, 'ICK') ) @ #vk.47 )
                          case c_kdf
                          solve( !KU( ~cak ) @ #vk.52 )
                            case Reveal_CAK
                            by contradiction /* from formulas */
                          qed
                        qed
                      qed
                    next
                      case Rekey_KeyServer_Send
                      solve( !KU( mac(<$Keyserver.5, count(genMN($Keyserver.5)), ~kn, c1>,
                                      kdf(~cak.2, 'ICK'))
                             ) @ #vk.43 )
                        case Initial_KeyServer_Send
                        by contradiction /* non-normal terms */
                      next
                        case c_mac
                        solve( !KU( kdf(~cak, 'ICK') ) @ #vk.47 )
                          case c_kdf
                          solve( !KU( ~cak ) @ #vk.59 )
                            case Reveal_CAK
                            by contradiction /* from formulas */
                          qed
                        qed
                      qed
                    next
                      case c_senc
                      solve( !KU( mac(<$Keyserver.4, count(genMN($Keyserver.4)), ~kn, c1>,
                                      kdf(~cak.2, 'ICK'))
                             ) @ #vk.43 )
                        case Initial_KeyServer_Send
                        by contradiction /* non-normal terms */
                      next
                        case c_mac
                        solve( !KU( kdf(~cak, 'ICK') ) @ #vk.47 )
                          case c_kdf
                          solve( !KU( ~cak ) @ #vk.54 )
                            case Reveal_CAK
                            by contradiction /* from formulas */
                          qed
                        qed
                      qed
                    qed
                  qed
                qed
              qed
            next
              case split_case_2
              solve( !KU( mac(<$Keyserver.2, count(count(genMN($Keyserver.3))), 
                               count(~kn), senc(z, kdf(~cak, 'KEK'))>,
                              kdf(~cak, 'ICK'))
                     ) @ #vk.26 )
                case Rekey_KeyServer_Send
                by contradiction /* from formulas */
              next
                case c_mac
                solve( !KU( mac(<$Keyserver.3, count(genMN($Keyserver.3)), ~kn, 
                                 senc(sak1, kdf(~cak.4, 'KEK'))>,
                                kdf(~cak.4, 'ICK'))
                       ) @ #vk.35 )
                  case Initial_KeyServer_Send
                  solve( !KU( senc(z, kdf(~cak, 'KEK')) ) @ #vk.31 )
                    case Initial_KeyServer_Send
                    solve( !KU( mac(<$Keyserver.4, count(genMN($Keyserver.4)), ~kn, 
                                     senc(z, kdf(~cak.2, 'KEK'))>,
                                    kdf(~cak.2, 'ICK'))
                           ) @ #vk.40 )
                      case Initial_KeyServer_Send
                      solve( !KU( kdf(~cak, 'ICK') ) @ #vk.33 )
                        case c_kdf
                        solve( !KU( ~cak ) @ #vk.34 )
                          case Reveal_CAK
                          by contradiction /* from formulas */
                        qed
                      qed
                    next
                      case c_mac
                      solve( !KU( senc(z, kdf(~cak.2, 'KEK')) ) @ #vk.43 )
                        case Initial_KeyServer_Send
                        solve( !KU( kdf(~cak, 'ICK') ) @ #vk.44 )
                          case c_kdf
                          solve( !KU( ~cak ) @ #vk.46 )
                            case Reveal_CAK
                            by contradiction /* from formulas */
                          qed
                        qed
                      next
                        case Malicious_KeyServer_Send
                        solve( !KU( kdf(~cak, 'ICK') ) @ #vk.44 )
                          case c_kdf
                          solve( !KU( ~cak ) @ #vk.46 )
                            case Reveal_CAK
                            by contradiction /* from formulas */
                          qed
                        qed
                      next
                        case Rekey_KeyServer_Send
                        solve( !KU( kdf(~cak, 'ICK') ) @ #vk.44 )
                          case c_kdf
                          solve( !KU( ~cak ) @ #vk.53 )
                            case Reveal_CAK
                            by contradiction /* from formulas */
                          qed
                        qed
                      next
                        case c_senc
                        solve( !KU( kdf(~cak, 'ICK') ) @ #vk.44 )
                          case c_kdf
                          solve( !KU( ~cak ) @ #vk.48 )
                            case Reveal_CAK
                            by contradiction /* from formulas */
                          qed
                        qed
                      qed
                    qed
                  next
                    case Malicious_KeyServer_Send
                    solve( !KU( mac(<$Keyserver.3, count(genMN($Keyserver.3)), ~kn, 
                                     senc(z, kdf(~cak.2, 'KEK'))>,
                                    kdf(~cak.2, 'ICK'))
                           ) @ #vk.40 )
                      case Initial_KeyServer_Send
                      solve( !KU( kdf(~cak, 'ICK') ) @ #vk.33 )
                        case c_kdf
                        solve( !KU( ~cak ) @ #vk.34 )
                          case Reveal_CAK
                          by contradiction /* from formulas */
                        qed
                      qed
                    next
                      case c_mac
                      solve( !KU( senc(z, kdf(~cak.2, 'KEK')) ) @ #vk.43 )
                        case Initial_KeyServer_Send
                        solve( !KU( kdf(~cak, 'ICK') ) @ #vk.44 )
                          case c_kdf
                          solve( !KU( ~cak ) @ #vk.46 )
                            case Reveal_CAK
                            by contradiction /* from formulas */
                          qed
                        qed
                      next
                        case Malicious_KeyServer_Send
                        solve( !KU( kdf(~cak, 'ICK') ) @ #vk.44 )
                          case c_kdf
                          solve( !KU( ~cak ) @ #vk.46 )
                            case Reveal_CAK
                            by contradiction /* from formulas */
                          qed
                        qed
                      next
                        case Rekey_KeyServer_Send
                        solve( !KU( kdf(~cak, 'ICK') ) @ #vk.44 )
                          case c_kdf
                          solve( !KU( ~cak ) @ #vk.53 )
                            case Reveal_CAK
                            by contradiction /* from formulas */
                          qed
                        qed
                      next
                        case c_senc
                        solve( !KU( kdf(~cak, 'ICK') ) @ #vk.44 )
                          case c_kdf
                          solve( !KU( ~cak ) @ #vk.48 )
                            case Reveal_CAK
                            by contradiction /* from formulas */
                          qed
                        qed
                      qed
                    qed
                  next
                    case Rekey_KeyServer_Send
                    solve( !KU( mac(<$Keyserver.4, count(genMN($Keyserver.4)), ~kn, 
                                     senc(z, kdf(~cak.2, 'KEK'))>,
                                    kdf(~cak.2, 'ICK'))
                           ) @ #vk.40 )
                      case Initial_KeyServer_Send
                      solve( !KU( kdf(~cak, 'ICK') ) @ #vk.33 )
                        case c_kdf
                        solve( !KU( ~cak ) @ #vk.41 )
                          case Reveal_CAK
                          by contradiction /* from formulas */
                        qed
                      qed
                    next
                      case c_mac
                      solve( !KU( senc(z, kdf(~cak.2, 'KEK')) ) @ #vk.43 )
                        case Initial_KeyServer_Send
                        solve( !KU( kdf(~cak, 'ICK') ) @ #vk.44 )
                          case c_kdf
                          solve( !KU( ~cak ) @ #vk.53 )
                            case Reveal_CAK
                            by contradiction /* from formulas */
                          qed
                        qed
                      next
                        case Malicious_KeyServer_Send
                        solve( !KU( kdf(~cak, 'ICK') ) @ #vk.44 )
                          case c_kdf
                          solve( !KU( ~cak ) @ #vk.53 )
                            case Reveal_CAK
                            by contradiction /* from formulas */
                          qed
                        qed
                      next
                        case Rekey_KeyServer_Send
                        solve( !KU( kdf(~cak, 'ICK') ) @ #vk.44 )
                          case c_kdf
                          solve( !KU( ~cak ) @ #vk.60 )
                            case Reveal_CAK
                            by contradiction /* from formulas */
                          qed
                        qed
                      next
                        case c_senc
                        solve( !KU( kdf(~cak, 'ICK') ) @ #vk.44 )
                          case c_kdf
                          solve( !KU( ~cak ) @ #vk.55 )
                            case Reveal_CAK
                            by contradiction /* from formulas */
                          qed
                        qed
                      qed
                    qed
                  next
                    case c_senc
                    solve( !KU( mac(<$Keyserver.3, count(genMN($Keyserver.3)), ~kn, 
                                     senc(z.1, kdf(~cak.2, 'KEK'))>,
                                    kdf(~cak.2, 'ICK'))
                           ) @ #vk.40 )
                      case Initial_KeyServer_Send
                      solve( !KU( kdf(~cak, 'ICK') ) @ #vk.33 )
                        case c_kdf
                        solve( !KU( ~cak ) @ #vk.36 )
                          case Reveal_CAK
                          by contradiction /* from formulas */
                        qed
                      qed
                    next
                      case c_mac
                      solve( !KU( senc(z.1, kdf(~cak.2, 'KEK')) ) @ #vk.43 )
                        case Initial_KeyServer_Send
                        solve( !KU( kdf(~cak, 'ICK') ) @ #vk.44 )
                          case c_kdf
                          solve( !KU( ~cak ) @ #vk.48 )
                            case Reveal_CAK
                            by contradiction /* from formulas */
                          qed
                        qed
                      next
                        case Malicious_KeyServer_Send
                        solve( !KU( kdf(~cak, 'ICK') ) @ #vk.44 )
                          case c_kdf
                          solve( !KU( ~cak ) @ #vk.48 )
                            case Reveal_CAK
                            by contradiction /* from formulas */
                          qed
                        qed
                      next
                        case Rekey_KeyServer_Send
                        solve( !KU( kdf(~cak, 'ICK') ) @ #vk.44 )
                          case c_kdf
                          solve( !KU( ~cak ) @ #vk.55 )
                            case Reveal_CAK
                            by contradiction /* from formulas */
                          qed
                        qed
                      next
                        case c_senc
                        solve( !KU( kdf(~cak, 'ICK') ) @ #vk.44 )
                          case c_kdf
                          solve( !KU( ~cak ) @ #vk.50 )
                            case Reveal_CAK
                            by contradiction /* from formulas */
                          qed
                        qed
                      qed
                    qed
                  qed
                next
                  case c_mac
                  solve( !KU( senc(sak1, kdf(~cak.4, 'KEK')) ) @ #vk.38 )
                    case Initial_KeyServer_Send
                    solve( !KU( senc(z, kdf(~cak, 'KEK')) ) @ #vk.35 )
                      case Initial_KeyServer_Send
                      solve( !KU( mac(<$Keyserver.6, count(genMN($Keyserver.6)), ~kn, 
                                       senc(z, kdf(~cak.2, 'KEK'))>,
                                      kdf(~cak.2, 'ICK'))
                             ) @ #vk.43 )
                        case Initial_KeyServer_Send
                        solve( !KU( kdf(~cak, 'ICK') ) @ #vk.44 )
                          case c_kdf
                          solve( !KU( ~cak ) @ #vk.46 )
                            case Reveal_CAK
                            by contradiction /* from formulas */
                          qed
                        qed
                      next
                        case c_mac
                        solve( !KU( senc(z, kdf(~cak.2, 'KEK')) ) @ #vk.46 )
                          case Initial_KeyServer_Send
                          solve( !KU( kdf(~cak, 'ICK') ) @ #vk.47 )
                            case c_kdf
                            solve( !KU( ~cak ) @ #vk.50 )
                              case Reveal_CAK
                              by contradiction /* from formulas */
                            qed
                          qed
                        next
                          case Malicious_KeyServer_Send
                          solve( !KU( kdf(~cak, 'ICK') ) @ #vk.47 )
                            case c_kdf
                            solve( !KU( ~cak ) @ #vk.50 )
                              case Reveal_CAK
                              by contradiction /* from formulas */
                            qed
                          qed
                        next
                          case Rekey_KeyServer_Send
                          solve( !KU( kdf(~cak, 'ICK') ) @ #vk.47 )
                            case c_kdf
                            solve( !KU( ~cak ) @ #vk.57 )
                              case Reveal_CAK
                              by contradiction /* from formulas */
                            qed
                          qed
                        next
                          case c_senc
                          solve( !KU( kdf(~cak, 'ICK') ) @ #vk.47 )
                            case c_kdf
                            solve( !KU( ~cak ) @ #vk.52 )
                              case Reveal_CAK
                              by contradiction /* from formulas */
                            qed
                          qed
                        qed
                      qed
                    next
                      case Malicious_KeyServer_Send
                      solve( !KU( mac(<$Keyserver.5, count(genMN($Keyserver.5)), ~kn, 
                                       senc(z, kdf(~cak.2, 'KEK'))>,
                                      kdf(~cak.2, 'ICK'))
                             ) @ #vk.43 )
                        case Initial_KeyServer_Send
                        solve( !KU( kdf(~cak, 'ICK') ) @ #vk.44 )
                          case c_kdf
                          solve( !KU( ~cak ) @ #vk.46 )
                            case Reveal_CAK
                            by contradiction /* from formulas */
                          qed
                        qed
                      next
                        case c_mac
                        solve( !KU( senc(z, kdf(~cak.2, 'KEK')) ) @ #vk.46 )
                          case Initial_KeyServer_Send
                          solve( !KU( kdf(~cak, 'ICK') ) @ #vk.47 )
                            case c_kdf
                            solve( !KU( ~cak ) @ #vk.50 )
                              case Reveal_CAK
                              by contradiction /* from formulas */
                            qed
                          qed
                        next
                          case Malicious_KeyServer_Send
                          solve( !KU( kdf(~cak, 'ICK') ) @ #vk.47 )
                            case c_kdf
                            solve( !KU( ~cak ) @ #vk.50 )
                              case Reveal_CAK
                              by contradiction /* from formulas */
                            qed
                          qed
                        next
                          case Rekey_KeyServer_Send
                          solve( !KU( kdf(~cak, 'ICK') ) @ #vk.47 )
                            case c_kdf
                            solve( !KU( ~cak ) @ #vk.57 )
                              case Reveal_CAK
                              by contradiction /* from formulas */
                            qed
                          qed
                        next
                          case c_senc
                          solve( !KU( kdf(~cak, 'ICK') ) @ #vk.47 )
                            case c_kdf
                            solve( !KU( ~cak ) @ #vk.52 )
                              case Reveal_CAK
                              by contradiction /* from formulas */
                            qed
                          qed
                        qed
                      qed
                    next
                      case Rekey_KeyServer_Send
                      solve( !KU( mac(<$Keyserver.6, count(genMN($Keyserver.6)), ~kn, 
                                       senc(z, kdf(~cak.2, 'KEK'))>,
                                      kdf(~cak.2, 'ICK'))
                             ) @ #vk.43 )
                        case Initial_KeyServer_Send
                        solve( !KU( kdf(~cak, 'ICK') ) @ #vk.44 )
                          case c_kdf
                          solve( !KU( ~cak ) @ #vk.53 )
                            case Reveal_CAK
                            by contradiction /* from formulas */
                          qed
                        qed
                      next
                        case c_mac
                        solve( !KU( senc(z, kdf(~cak.2, 'KEK')) ) @ #vk.46 )
                          case Initial_KeyServer_Send
                          solve( !KU( kdf(~cak, 'ICK') ) @ #vk.47 )
                            case c_kdf
                            solve( !KU( ~cak ) @ #vk.57 )
                              case Reveal_CAK
                              by contradiction /* from formulas */
                            qed
                          qed
                        next
                          case Malicious_KeyServer_Send
                          solve( !KU( kdf(~cak, 'ICK') ) @ #vk.47 )
                            case c_kdf
                            solve( !KU( ~cak ) @ #vk.57 )
                              case Reveal_CAK
                              by contradiction /* from formulas */
                            qed
                          qed
                        next
                          case Rekey_KeyServer_Send
                          solve( !KU( kdf(~cak, 'ICK') ) @ #vk.47 )
                            case c_kdf
                            solve( !KU( ~cak ) @ #vk.64 )
                              case Reveal_CAK
                              by contradiction /* from formulas */
                            qed
                          qed
                        next
                          case c_senc
                          solve( !KU( kdf(~cak, 'ICK') ) @ #vk.47 )
                            case c_kdf
                            solve( !KU( ~cak ) @ #vk.59 )
                              case Reveal_CAK
                              by contradiction /* from formulas */
                            qed
                          qed
                        qed
                      qed
                    next
                      case c_senc
                      solve( !KU( mac(<$Keyserver.5, count(genMN($Keyserver.5)), ~kn, 
                                       senc(z.1, kdf(~cak.2, 'KEK'))>,
                                      kdf(~cak.2, 'ICK'))
                             ) @ #vk.43 )
                        case Initial_KeyServer_Send
                        solve( !KU( kdf(~cak, 'ICK') ) @ #vk.44 )
                          case c_kdf
                          solve( !KU( ~cak ) @ #vk.48 )
                            case Reveal_CAK
                            by contradiction /* from formulas */
                          qed
                        qed
                      next
                        case c_mac
                        solve( !KU( senc(z.1, kdf(~cak.2, 'KEK')) ) @ #vk.46 )
                          case Initial_KeyServer_Send
                          solve( !KU( kdf(~cak, 'ICK') ) @ #vk.47 )
                            case c_kdf
                            solve( !KU( ~cak ) @ #vk.52 )
                              case Reveal_CAK
                              by contradiction /* from formulas */
                            qed
                          qed
                        next
                          case Malicious_KeyServer_Send
                          solve( !KU( kdf(~cak, 'ICK') ) @ #vk.47 )
                            case c_kdf
                            solve( !KU( ~cak ) @ #vk.52 )
                              case Reveal_CAK
                              by contradiction /* from formulas */
                            qed
                          qed
                        next
                          case Rekey_KeyServer_Send
                          solve( !KU( kdf(~cak, 'ICK') ) @ #vk.47 )
                            case c_kdf
                            solve( !KU( ~cak ) @ #vk.59 )
                              case Reveal_CAK
                              by contradiction /* from formulas */
                            qed
                          qed
                        next
                          case c_senc
                          solve( !KU( kdf(~cak, 'ICK') ) @ #vk.47 )
                            case c_kdf
                            solve( !KU( ~cak ) @ #vk.54 )
                              case Reveal_CAK
                              by contradiction /* from formulas */
                            qed
                          qed
                        qed
                      qed
                    qed
                  next
                    case Malicious_KeyServer_Send
                    solve( !KU( senc(z, kdf(~cak, 'KEK')) ) @ #vk.35 )
                      case Initial_KeyServer_Send
                      solve( !KU( mac(<$Keyserver.6, count(genMN($Keyserver.6)), ~kn, 
                                       senc(z, kdf(~cak.2, 'KEK'))>,
                                      kdf(~cak.2, 'ICK'))
                             ) @ #vk.43 )
                        case Initial_KeyServer_Send
                        solve( !KU( kdf(~cak, 'ICK') ) @ #vk.44 )
                          case c_kdf
                          solve( !KU( ~cak ) @ #vk.46 )
                            case Reveal_CAK
                            by contradiction /* from formulas */
                          qed
                        qed
                      next
                        case c_mac
                        solve( !KU( senc(z, kdf(~cak.2, 'KEK')) ) @ #vk.46 )
                          case Initial_KeyServer_Send
                          solve( !KU( kdf(~cak, 'ICK') ) @ #vk.47 )
                            case c_kdf
                            solve( !KU( ~cak ) @ #vk.50 )
                              case Reveal_CAK
                              by contradiction /* from formulas */
                            qed
                          qed
                        next
                          case Malicious_KeyServer_Send
                          solve( !KU( kdf(~cak, 'ICK') ) @ #vk.47 )
                            case c_kdf
                            solve( !KU( ~cak ) @ #vk.50 )
                              case Reveal_CAK
                              by contradiction /* from formulas */
                            qed
                          qed
                        next
                          case Rekey_KeyServer_Send
                          solve( !KU( kdf(~cak, 'ICK') ) @ #vk.47 )
                            case c_kdf
                            solve( !KU( ~cak ) @ #vk.57 )
                              case Reveal_CAK
                              by contradiction /* from formulas */
                            qed
                          qed
                        next
                          case c_senc
                          solve( !KU( kdf(~cak, 'ICK') ) @ #vk.47 )
                            case c_kdf
                            solve( !KU( ~cak ) @ #vk.52 )
                              case Reveal_CAK
                              by contradiction /* from formulas */
                            qed
                          qed
                        qed
                      qed
                    next
                      case Malicious_KeyServer_Send
                      solve( !KU( mac(<$Keyserver.5, count(genMN($Keyserver.5)), ~kn, 
                                       senc(z, kdf(~cak.2, 'KEK'))>,
                                      kdf(~cak.2, 'ICK'))
                             ) @ #vk.43 )
                        case Initial_KeyServer_Send
                        solve( !KU( kdf(~cak, 'ICK') ) @ #vk.44 )
                          case c_kdf
                          solve( !KU( ~cak ) @ #vk.46 )
                            case Reveal_CAK
                            by contradiction /* from formulas */
                          qed
                        qed
                      next
                        case c_mac
                        solve( !KU( senc(z, kdf(~cak.2, 'KEK')) ) @ #vk.46 )
                          case Initial_KeyServer_Send
                          solve( !KU( kdf(~cak, 'ICK') ) @ #vk.47 )
                            case c_kdf
                            solve( !KU( ~cak ) @ #vk.50 )
                              case Reveal_CAK
                              by contradiction /* from formulas */
                            qed
                          qed
                        next
                          case Malicious_KeyServer_Send
                          solve( !KU( kdf(~cak, 'ICK') ) @ #vk.47 )
                            case c_kdf
                            solve( !KU( ~cak ) @ #vk.50 )
                              case Reveal_CAK
                              by contradiction /* from formulas */
                            qed
                          qed
                        next
                          case Rekey_KeyServer_Send
                          solve( !KU( kdf(~cak, 'ICK') ) @ #vk.47 )
                            case c_kdf
                            solve( !KU( ~cak ) @ #vk.57 )
                              case Reveal_CAK
                              by contradiction /* from formulas */
                            qed
                          qed
                        next
                          case c_senc
                          solve( !KU( kdf(~cak, 'ICK') ) @ #vk.47 )
                            case c_kdf
                            solve( !KU( ~cak ) @ #vk.52 )
                              case Reveal_CAK
                              by contradiction /* from formulas */
                            qed
                          qed
                        qed
                      qed
                    next
                      case Rekey_KeyServer_Send
                      solve( !KU( mac(<$Keyserver.6, count(genMN($Keyserver.6)), ~kn, 
                                       senc(z, kdf(~cak.2, 'KEK'))>,
                                      kdf(~cak.2, 'ICK'))
                             ) @ #vk.43 )
                        case Initial_KeyServer_Send
                        solve( !KU( kdf(~cak, 'ICK') ) @ #vk.44 )
                          case c_kdf
                          solve( !KU( ~cak ) @ #vk.53 )
                            case Reveal_CAK
                            by contradiction /* from formulas */
                          qed
                        qed
                      next
                        case c_mac
                        solve( !KU( senc(z, kdf(~cak.2, 'KEK')) ) @ #vk.46 )
                          case Initial_KeyServer_Send
                          solve( !KU( kdf(~cak, 'ICK') ) @ #vk.47 )
                            case c_kdf
                            solve( !KU( ~cak ) @ #vk.57 )
                              case Reveal_CAK
                              by contradiction /* from formulas */
                            qed
                          qed
                        next
                          case Malicious_KeyServer_Send
                          solve( !KU( kdf(~cak, 'ICK') ) @ #vk.47 )
                            case c_kdf
                            solve( !KU( ~cak ) @ #vk.57 )
                              case Reveal_CAK
                              by contradiction /* from formulas */
                            qed
                          qed
                        next
                          case Rekey_KeyServer_Send
                          solve( !KU( kdf(~cak, 'ICK') ) @ #vk.47 )
                            case c_kdf
                            solve( !KU( ~cak ) @ #vk.64 )
                              case Reveal_CAK
                              by contradiction /* from formulas */
                            qed
                          qed
                        next
                          case c_senc
                          solve( !KU( kdf(~cak, 'ICK') ) @ #vk.47 )
                            case c_kdf
                            solve( !KU( ~cak ) @ #vk.59 )
                              case Reveal_CAK
                              by contradiction /* from formulas */
                            qed
                          qed
                        qed
                      qed
                    next
                      case c_senc
                      solve( !KU( mac(<$Keyserver.5, count(genMN($Keyserver.5)), ~kn, 
                                       senc(z.1, kdf(~cak.2, 'KEK'))>,
                                      kdf(~cak.2, 'ICK'))
                             ) @ #vk.43 )
                        case Initial_KeyServer_Send
                        solve( !KU( kdf(~cak, 'ICK') ) @ #vk.44 )
                          case c_kdf
                          solve( !KU( ~cak ) @ #vk.48 )
                            case Reveal_CAK
                            by contradiction /* from formulas */
                          qed
                        qed
                      next
                        case c_mac
                        solve( !KU( senc(z.1, kdf(~cak.2, 'KEK')) ) @ #vk.46 )
                          case Initial_KeyServer_Send
                          solve( !KU( kdf(~cak, 'ICK') ) @ #vk.47 )
                            case c_kdf
                            solve( !KU( ~cak ) @ #vk.52 )
                              case Reveal_CAK
                              by contradiction /* from formulas */
                            qed
                          qed
                        next
                          case Malicious_KeyServer_Send
                          solve( !KU( kdf(~cak, 'ICK') ) @ #vk.47 )
                            case c_kdf
                            solve( !KU( ~cak ) @ #vk.52 )
                              case Reveal_CAK
                              by contradiction /* from formulas */
                            qed
                          qed
                        next
                          case Rekey_KeyServer_Send
                          solve( !KU( kdf(~cak, 'ICK') ) @ #vk.47 )
                            case c_kdf
                            solve( !KU( ~cak ) @ #vk.59 )
                              case Reveal_CAK
                              by contradiction /* from formulas */
                            qed
                          qed
                        next
                          case c_senc
                          solve( !KU( kdf(~cak, 'ICK') ) @ #vk.47 )
                            case c_kdf
                            solve( !KU( ~cak ) @ #vk.54 )
                              case Reveal_CAK
                              by contradiction /* from formulas */
                            qed
                          qed
                        qed
                      qed
                    qed
                  next
                    case Rekey_KeyServer_Send
                    solve( !KU( senc(z, kdf(~cak, 'KEK')) ) @ #vk.35 )
                      case Initial_KeyServer_Send
                      solve( !KU( mac(<$Keyserver.7, count(genMN($Keyserver.7)), ~kn, 
                                       senc(z, kdf(~cak.2, 'KEK'))>,
                                      kdf(~cak.2, 'ICK'))
                             ) @ #vk.43 )
                        case Initial_KeyServer_Send
                        solve( !KU( kdf(~cak, 'ICK') ) @ #vk.44 )
                          case c_kdf
                          solve( !KU( ~cak ) @ #vk.53 )
                            case Reveal_CAK
                            by contradiction /* from formulas */
                          qed
                        qed
                      next
                        case c_mac
                        solve( !KU( senc(z, kdf(~cak.2, 'KEK')) ) @ #vk.46 )
                          case Initial_KeyServer_Send
                          solve( !KU( kdf(~cak, 'ICK') ) @ #vk.47 )
                            case c_kdf
                            solve( !KU( ~cak ) @ #vk.57 )
                              case Reveal_CAK
                              by contradiction /* from formulas */
                            qed
                          qed
                        next
                          case Malicious_KeyServer_Send
                          solve( !KU( kdf(~cak, 'ICK') ) @ #vk.47 )
                            case c_kdf
                            solve( !KU( ~cak ) @ #vk.57 )
                              case Reveal_CAK
                              by contradiction /* from formulas */
                            qed
                          qed
                        next
                          case Rekey_KeyServer_Send
                          solve( !KU( kdf(~cak, 'ICK') ) @ #vk.47 )
                            case c_kdf
                            solve( !KU( ~cak ) @ #vk.64 )
                              case Reveal_CAK
                              by contradiction /* from formulas */
                            qed
                          qed
                        next
                          case c_senc
                          solve( !KU( kdf(~cak, 'ICK') ) @ #vk.47 )
                            case c_kdf
                            solve( !KU( ~cak ) @ #vk.59 )
                              case Reveal_CAK
                              by contradiction /* from formulas */
                            qed
                          qed
                        qed
                      qed
                    next
                      case Malicious_KeyServer_Send
                      solve( !KU( mac(<$Keyserver.6, count(genMN($Keyserver.6)), ~kn, 
                                       senc(z, kdf(~cak.2, 'KEK'))>,
                                      kdf(~cak.2, 'ICK'))
                             ) @ #vk.43 )
                        case Initial_KeyServer_Send
                        solve( !KU( kdf(~cak, 'ICK') ) @ #vk.44 )
                          case c_kdf
                          solve( !KU( ~cak ) @ #vk.53 )
                            case Reveal_CAK
                            by contradiction /* from formulas */
                          qed
                        qed
                      next
                        case c_mac
                        solve( !KU( senc(z, kdf(~cak.2, 'KEK')) ) @ #vk.46 )
                          case Initial_KeyServer_Send
                          solve( !KU( kdf(~cak, 'ICK') ) @ #vk.47 )
                            case c_kdf
                            solve( !KU( ~cak ) @ #vk.57 )
                              case Reveal_CAK
                              by contradiction /* from formulas */
                            qed
                          qed
                        next
                          case Malicious_KeyServer_Send
                          solve( !KU( kdf(~cak, 'ICK') ) @ #vk.47 )
                            case c_kdf
                            solve( !KU( ~cak ) @ #vk.57 )
                              case Reveal_CAK
                              by contradiction /* from formulas */
                            qed
                          qed
                        next
                          case Rekey_KeyServer_Send
                          solve( !KU( kdf(~cak, 'ICK') ) @ #vk.47 )
                            case c_kdf
                            solve( !KU( ~cak ) @ #vk.64 )
                              case Reveal_CAK
                              by contradiction /* from formulas */
                            qed
                          qed
                        next
                          case c_senc
                          solve( !KU( kdf(~cak, 'ICK') ) @ #vk.47 )
                            case c_kdf
                            solve( !KU( ~cak ) @ #vk.59 )
                              case Reveal_CAK
                              by contradiction /* from formulas */
                            qed
                          qed
                        qed
                      qed
                    next
                      case Rekey_KeyServer_Send
                      solve( !KU( mac(<$Keyserver.7, count(genMN($Keyserver.7)), ~kn, 
                                       senc(z, kdf(~cak.2, 'KEK'))>,
                                      kdf(~cak.2, 'ICK'))
                             ) @ #vk.43 )
                        case Initial_KeyServer_Send
                        solve( !KU( kdf(~cak, 'ICK') ) @ #vk.44 )
                          case c_kdf
                          solve( !KU( ~cak ) @ #vk.60 )
                            case Reveal_CAK
                            by contradiction /* from formulas */
                          qed
                        qed
                      next
                        case c_mac
                        solve( !KU( senc(z, kdf(~cak.2, 'KEK')) ) @ #vk.46 )
                          case Initial_KeyServer_Send
                          solve( !KU( kdf(~cak, 'ICK') ) @ #vk.47 )
                            case c_kdf
                            solve( !KU( ~cak ) @ #vk.64 )
                              case Reveal_CAK
                              by contradiction /* from formulas */
                            qed
                          qed
                        next
                          case Malicious_KeyServer_Send
                          solve( !KU( kdf(~cak, 'ICK') ) @ #vk.47 )
                            case c_kdf
                            solve( !KU( ~cak ) @ #vk.64 )
                              case Reveal_CAK
                              by contradiction /* from formulas */
                            qed
                          qed
                        next
                          case Rekey_KeyServer_Send
                          solve( !KU( kdf(~cak, 'ICK') ) @ #vk.47 )
                            case c_kdf
                            solve( !KU( ~cak ) @ #vk.71 )
                              case Reveal_CAK
                              by contradiction /* from formulas */
                            qed
                          qed
                        next
                          case c_senc
                          solve( !KU( kdf(~cak, 'ICK') ) @ #vk.47 )
                            case c_kdf
                            solve( !KU( ~cak ) @ #vk.66 )
                              case Reveal_CAK
                              by contradiction /* from formulas */
                            qed
                          qed
                        qed
                      qed
                    next
                      case c_senc
                      solve( !KU( mac(<$Keyserver.6, count(genMN($Keyserver.6)), ~kn, 
                                       senc(z.1, kdf(~cak.2, 'KEK'))>,
                                      kdf(~cak.2, 'ICK'))
                             ) @ #vk.43 )
                        case Initial_KeyServer_Send
                        solve( !KU( kdf(~cak, 'ICK') ) @ #vk.44 )
                          case c_kdf
                          solve( !KU( ~cak ) @ #vk.55 )
                            case Reveal_CAK
                            by contradiction /* from formulas */
                          qed
                        qed
                      next
                        case c_mac
                        solve( !KU( senc(z.1, kdf(~cak.2, 'KEK')) ) @ #vk.46 )
                          case Initial_KeyServer_Send
                          solve( !KU( kdf(~cak, 'ICK') ) @ #vk.47 )
                            case c_kdf
                            solve( !KU( ~cak ) @ #vk.59 )
                              case Reveal_CAK
                              by contradiction /* from formulas */
                            qed
                          qed
                        next
                          case Malicious_KeyServer_Send
                          solve( !KU( kdf(~cak, 'ICK') ) @ #vk.47 )
                            case c_kdf
                            solve( !KU( ~cak ) @ #vk.59 )
                              case Reveal_CAK
                              by contradiction /* from formulas */
                            qed
                          qed
                        next
                          case Rekey_KeyServer_Send
                          solve( !KU( kdf(~cak, 'ICK') ) @ #vk.47 )
                            case c_kdf
                            solve( !KU( ~cak ) @ #vk.66 )
                              case Reveal_CAK
                              by contradiction /* from formulas */
                            qed
                          qed
                        next
                          case c_senc
                          solve( !KU( kdf(~cak, 'ICK') ) @ #vk.47 )
                            case c_kdf
                            solve( !KU( ~cak ) @ #vk.61 )
                              case Reveal_CAK
                              by contradiction /* from formulas */
                            qed
                          qed
                        qed
                      qed
                    qed
                  next
                    case c_senc
                    solve( !KU( senc(z, kdf(~cak, 'KEK')) ) @ #vk.35 )
                      case Initial_KeyServer_Send
                      solve( !KU( mac(<$Keyserver.5, count(genMN($Keyserver.5)), ~kn, 
                                       senc(z, kdf(~cak.2, 'KEK'))>,
                                      kdf(~cak.2, 'ICK'))
                             ) @ #vk.43 )
                        case Initial_KeyServer_Send
                        solve( !KU( kdf(~cak, 'ICK') ) @ #vk.44 )
                          case c_kdf
                          solve( !KU( ~cak ) @ #vk.48 )
                            case Reveal_CAK
                            by contradiction /* from formulas */
                          qed
                        qed
                      next
                        case c_mac
                        solve( !KU( senc(z, kdf(~cak.2, 'KEK')) ) @ #vk.46 )
                          case Initial_KeyServer_Send
                          solve( !KU( kdf(~cak, 'ICK') ) @ #vk.47 )
                            case c_kdf
                            solve( !KU( ~cak ) @ #vk.52 )
                              case Reveal_CAK
                              by contradiction /* from formulas */
                            qed
                          qed
                        next
                          case Malicious_KeyServer_Send
                          solve( !KU( kdf(~cak, 'ICK') ) @ #vk.47 )
                            case c_kdf
                            solve( !KU( ~cak ) @ #vk.52 )
                              case Reveal_CAK
                              by contradiction /* from formulas */
                            qed
                          qed
                        next
                          case Rekey_KeyServer_Send
                          solve( !KU( kdf(~cak, 'ICK') ) @ #vk.47 )
                            case c_kdf
                            solve( !KU( ~cak ) @ #vk.59 )
                              case Reveal_CAK
                              by contradiction /* from formulas */
                            qed
                          qed
                        next
                          case c_senc
                          solve( !KU( kdf(~cak, 'ICK') ) @ #vk.47 )
                            case c_kdf
                            solve( !KU( ~cak ) @ #vk.54 )
                              case Reveal_CAK
                              by contradiction /* from formulas */
                            qed
                          qed
                        qed
                      qed
                    next
                      case Malicious_KeyServer_Send
                      solve( !KU( mac(<$Keyserver.4, count(genMN($Keyserver.4)), ~kn, 
                                       senc(z, kdf(~cak.2, 'KEK'))>,
                                      kdf(~cak.2, 'ICK'))
                             ) @ #vk.43 )
                        case Initial_KeyServer_Send
                        solve( !KU( kdf(~cak, 'ICK') ) @ #vk.44 )
                          case c_kdf
                          solve( !KU( ~cak ) @ #vk.48 )
                            case Reveal_CAK
                            by contradiction /* from formulas */
                          qed
                        qed
                      next
                        case c_mac
                        solve( !KU( senc(z, kdf(~cak.2, 'KEK')) ) @ #vk.46 )
                          case Initial_KeyServer_Send
                          solve( !KU( kdf(~cak, 'ICK') ) @ #vk.47 )
                            case c_kdf
                            solve( !KU( ~cak ) @ #vk.52 )
                              case Reveal_CAK
                              by contradiction /* from formulas */
                            qed
                          qed
                        next
                          case Malicious_KeyServer_Send
                          solve( !KU( kdf(~cak, 'ICK') ) @ #vk.47 )
                            case c_kdf
                            solve( !KU( ~cak ) @ #vk.52 )
                              case Reveal_CAK
                              by contradiction /* from formulas */
                            qed
                          qed
                        next
                          case Rekey_KeyServer_Send
                          solve( !KU( kdf(~cak, 'ICK') ) @ #vk.47 )
                            case c_kdf
                            solve( !KU( ~cak ) @ #vk.59 )
                              case Reveal_CAK
                              by contradiction /* from formulas */
                            qed
                          qed
                        next
                          case c_senc
                          solve( !KU( kdf(~cak, 'ICK') ) @ #vk.47 )
                            case c_kdf
                            solve( !KU( ~cak ) @ #vk.54 )
                              case Reveal_CAK
                              by contradiction /* from formulas */
                            qed
                          qed
                        qed
                      qed
                    next
                      case Rekey_KeyServer_Send
                      solve( !KU( mac(<$Keyserver.5, count(genMN($Keyserver.5)), ~kn, 
                                       senc(z, kdf(~cak.2, 'KEK'))>,
                                      kdf(~cak.2, 'ICK'))
                             ) @ #vk.43 )
                        case Initial_KeyServer_Send
                        solve( !KU( kdf(~cak, 'ICK') ) @ #vk.44 )
                          case c_kdf
                          solve( !KU( ~cak ) @ #vk.55 )
                            case Reveal_CAK
                            by contradiction /* from formulas */
                          qed
                        qed
                      next
                        case c_mac
                        solve( !KU( senc(z, kdf(~cak.2, 'KEK')) ) @ #vk.46 )
                          case Initial_KeyServer_Send
                          solve( !KU( kdf(~cak, 'ICK') ) @ #vk.47 )
                            case c_kdf
                            solve( !KU( ~cak ) @ #vk.59 )
                              case Reveal_CAK
                              by contradiction /* from formulas */
                            qed
                          qed
                        next
                          case Malicious_KeyServer_Send
                          solve( !KU( kdf(~cak, 'ICK') ) @ #vk.47 )
                            case c_kdf
                            solve( !KU( ~cak ) @ #vk.59 )
                              case Reveal_CAK
                              by contradiction /* from formulas */
                            qed
                          qed
                        next
                          case Rekey_KeyServer_Send
                          solve( !KU( kdf(~cak, 'ICK') ) @ #vk.47 )
                            case c_kdf
                            solve( !KU( ~cak ) @ #vk.66 )
                              case Reveal_CAK
                              by contradiction /* from formulas */
                            qed
                          qed
                        next
                          case c_senc
                          solve( !KU( kdf(~cak, 'ICK') ) @ #vk.47 )
                            case c_kdf
                            solve( !KU( ~cak ) @ #vk.61 )
                              case Reveal_CAK
                              by contradiction /* from formulas */
                            qed
                          qed
                        qed
                      qed
                    next
                      case c_senc
                      solve( !KU( mac(<$Keyserver.4, count(genMN($Keyserver.4)), ~kn, 
                                       senc(z.1, kdf(~cak.2, 'KEK'))>,
                                      kdf(~cak.2, 'ICK'))
                             ) @ #vk.43 )
                        case Initial_KeyServer_Send
                        solve( !KU( kdf(~cak, 'ICK') ) @ #vk.44 )
                          case c_kdf
                          solve( !KU( ~cak ) @ #vk.50 )
                            case Reveal_CAK
                            by contradiction /* from formulas */
                          qed
                        qed
                      next
                        case c_mac
                        solve( !KU( senc(z.1, kdf(~cak.2, 'KEK')) ) @ #vk.46 )
                          case Initial_KeyServer_Send
                          solve( !KU( kdf(~cak, 'ICK') ) @ #vk.47 )
                            case c_kdf
                            solve( !KU( ~cak ) @ #vk.54 )
                              case Reveal_CAK
                              by contradiction /* from formulas */
                            qed
                          qed
                        next
                          case Malicious_KeyServer_Send
                          solve( !KU( kdf(~cak, 'ICK') ) @ #vk.47 )
                            case c_kdf
                            solve( !KU( ~cak ) @ #vk.54 )
                              case Reveal_CAK
                              by contradiction /* from formulas */
                            qed
                          qed
                        next
                          case Rekey_KeyServer_Send
                          solve( !KU( kdf(~cak, 'ICK') ) @ #vk.47 )
                            case c_kdf
                            solve( !KU( ~cak ) @ #vk.61 )
                              case Reveal_CAK
                              by contradiction /* from formulas */
                            qed
                          qed
                        next
                          case c_senc
                          solve( !KU( kdf(~cak, 'ICK') ) @ #vk.47 )
                            case c_kdf
                            solve( !KU( ~cak ) @ #vk.56 )
                              case Reveal_CAK
                              by contradiction /* from formulas */
                            qed
                          qed
                        qed
                      qed
                    qed
                  qed
                qed
              qed
            qed
          next
            case c_mac
            solve( !KU( mac(<$Keyserver.2, count(count(genMN($Keyserver.3))), 
                             count(~kn), senc(z, kdf(~cak, 'KEK'))>,
                            kdf(~cak, 'ICK'))
                   ) @ #vk.26 )
              case Rekey_KeyServer_Send
              by contradiction /* from formulas */
            next
              case c_mac
              solve( !KU( mac(<$Keyserver.3, count(genMN($Keyserver.3)), ~kn, 
                               senc(sak1, kdf(~cak.4, 'KEK'))>,
                              kdf(~cak.4, 'ICK'))
                     ) @ #vk.34 )
                case Initial_KeyServer_Send
                solve( !KU( senc(z, kdf(~cak, 'KEK')) ) @ #vk.30 )
                  case Initial_KeyServer_Send
                  solve( !KU( kdf(~cak.2, 'ICK') ) @ #vk.35 )
                    case c_kdf
                    solve( !KU( ~cak.2 ) @ #vk.37 )
                      case Reveal_CAK
                      by contradiction /* from formulas */
                    qed
                  qed
                next
                  case Malicious_KeyServer_Send
                  solve( !KU( kdf(~cak.2, 'ICK') ) @ #vk.35 )
                    case c_kdf
                    solve( !KU( ~cak.2 ) @ #vk.37 )
                      case Reveal_CAK
                      by contradiction /* from formulas */
                    qed
                  qed
                next
                  case Rekey_KeyServer_Send
                  solve( !KU( kdf(~cak.2, 'ICK') ) @ #vk.35 )
                    case c_kdf
                    solve( !KU( ~cak.2 ) @ #vk.44 )
                      case Reveal_CAK
                      by contradiction /* from formulas */
                    qed
                  qed
                next
                  case c_senc
                  solve( !KU( kdf(~cak.2, 'ICK') ) @ #vk.35 )
                    case c_kdf
                    solve( !KU( ~cak.2 ) @ #vk.39 )
                      case Reveal_CAK
                      by contradiction /* from formulas */
                    qed
                  qed
                qed
              next
                case c_mac
                solve( !KU( senc(sak1, kdf(~cak.4, 'KEK')) ) @ #vk.37 )
                  case Initial_KeyServer_Send
                  solve( !KU( senc(z, kdf(~cak, 'KEK')) ) @ #vk.34 )
                    case Initial_KeyServer_Send
                    solve( !KU( kdf(~cak.2, 'ICK') ) @ #vk.38 )
                      case c_kdf
                      solve( !KU( ~cak.2 ) @ #vk.41 )
                        case Reveal_CAK
                        by contradiction /* from formulas */
                      qed
                    qed
                  next
                    case Malicious_KeyServer_Send
                    solve( !KU( kdf(~cak.2, 'ICK') ) @ #vk.38 )
                      case c_kdf
                      solve( !KU( ~cak.2 ) @ #vk.41 )
                        case Reveal_CAK
                        by contradiction /* from formulas */
                      qed
                    qed
                  next
                    case Rekey_KeyServer_Send
                    solve( !KU( kdf(~cak.2, 'ICK') ) @ #vk.38 )
                      case c_kdf
                      solve( !KU( ~cak.2 ) @ #vk.48 )
                        case Reveal_CAK
                        by contradiction /* from formulas */
                      qed
                    qed
                  next
                    case c_senc
                    solve( !KU( kdf(~cak.2, 'ICK') ) @ #vk.38 )
                      case c_kdf
                      solve( !KU( ~cak.2 ) @ #vk.43 )
                        case Reveal_CAK
                        by contradiction /* from formulas */
                      qed
                    qed
                  qed
                next
                  case Malicious_KeyServer_Send
                  solve( !KU( senc(z, kdf(~cak, 'KEK')) ) @ #vk.34 )
                    case Initial_KeyServer_Send
                    solve( !KU( kdf(~cak.2, 'ICK') ) @ #vk.38 )
                      case c_kdf
                      solve( !KU( ~cak.2 ) @ #vk.41 )
                        case Reveal_CAK
                        by contradiction /* from formulas */
                      qed
                    qed
                  next
                    case Malicious_KeyServer_Send
                    solve( !KU( kdf(~cak.2, 'ICK') ) @ #vk.38 )
                      case c_kdf
                      solve( !KU( ~cak.2 ) @ #vk.41 )
                        case Reveal_CAK
                        by contradiction /* from formulas */
                      qed
                    qed
                  next
                    case Rekey_KeyServer_Send
                    solve( !KU( kdf(~cak.2, 'ICK') ) @ #vk.38 )
                      case c_kdf
                      solve( !KU( ~cak.2 ) @ #vk.48 )
                        case Reveal_CAK
                        by contradiction /* from formulas */
                      qed
                    qed
                  next
                    case c_senc
                    solve( !KU( kdf(~cak.2, 'ICK') ) @ #vk.38 )
                      case c_kdf
                      solve( !KU( ~cak.2 ) @ #vk.43 )
                        case Reveal_CAK
                        by contradiction /* from formulas */
                      qed
                    qed
                  qed
                next
                  case Rekey_KeyServer_Send
                  solve( !KU( senc(z, kdf(~cak, 'KEK')) ) @ #vk.34 )
                    case Initial_KeyServer_Send
                    solve( !KU( kdf(~cak.2, 'ICK') ) @ #vk.38 )
                      case c_kdf
                      solve( !KU( ~cak.2 ) @ #vk.48 )
                        case Reveal_CAK
                        by contradiction /* from formulas */
                      qed
                    qed
                  next
                    case Malicious_KeyServer_Send
                    solve( !KU( kdf(~cak.2, 'ICK') ) @ #vk.38 )
                      case c_kdf
                      solve( !KU( ~cak.2 ) @ #vk.48 )
                        case Reveal_CAK
                        by contradiction /* from formulas */
                      qed
                    qed
                  next
                    case Rekey_KeyServer_Send
                    solve( !KU( kdf(~cak.2, 'ICK') ) @ #vk.38 )
                      case c_kdf
                      solve( !KU( ~cak.2 ) @ #vk.55 )
                        case Reveal_CAK
                        by contradiction /* from formulas */
                      qed
                    qed
                  next
                    case c_senc
                    solve( !KU( kdf(~cak.2, 'ICK') ) @ #vk.38 )
                      case c_kdf
                      solve( !KU( ~cak.2 ) @ #vk.50 )
                        case Reveal_CAK
                        by contradiction /* from formulas */
                      qed
                    qed
                  qed
                next
                  case c_senc
                  solve( !KU( senc(z, kdf(~cak, 'KEK')) ) @ #vk.34 )
                    case Initial_KeyServer_Send
                    solve( !KU( kdf(~cak.2, 'ICK') ) @ #vk.38 )
                      case c_kdf
                      solve( !KU( ~cak.2 ) @ #vk.43 )
                        case Reveal_CAK
                        by contradiction /* from formulas */
                      qed
                    qed
                  next
                    case Malicious_KeyServer_Send
                    solve( !KU( kdf(~cak.2, 'ICK') ) @ #vk.38 )
                      case c_kdf
                      solve( !KU( ~cak.2 ) @ #vk.43 )
                        case Reveal_CAK
                        by contradiction /* from formulas */
                      qed
                    qed
                  next
                    case Rekey_KeyServer_Send
                    solve( !KU( kdf(~cak.2, 'ICK') ) @ #vk.38 )
                      case c_kdf
                      solve( !KU( ~cak.2 ) @ #vk.50 )
                        case Reveal_CAK
                        by contradiction /* from formulas */
                      qed
                    qed
                  next
                    case c_senc
                    solve( !KU( kdf(~cak.2, 'ICK') ) @ #vk.38 )
                      case c_kdf
                      solve( !KU( ~cak.2 ) @ #vk.45 )
                        case Reveal_CAK
                        by contradiction /* from formulas */
                      qed
                    qed
                  qed
                qed
              qed
            qed
          qed
        qed
      qed
    next
      case c_mac
      solve( !KU( mac(<$Server.2, count(genMN($Server.1)), ~kn>,
                      kdf(~cak.3, 'ICK'))
             ) @ #vk.15 )
        case Initial_Server_Receive
        solve( splitEqs(1) )
          case split_case_1
          solve( !KU( kdf(~cak, 'ICK') ) @ #vk.18 )
            case c_kdf
            solve( !KU( ~cak ) @ #vk.25 )
              case Reveal_CAK
              by contradiction /* from formulas */
            qed
          qed
        next
          case split_case_2
          solve( !KU( kdf(~cak, 'ICK') ) @ #vk.18 )
            case c_kdf
            solve( !KU( ~cak ) @ #vk.25 )
              case Reveal_CAK
              by contradiction /* from formulas */
            qed
          qed
        qed
      next
        case c_mac
        solve( !KU( kdf(~cak, 'ICK') ) @ #vk.18 )
          case c_kdf
          solve( !KU( ~cak ) @ #vk.20 )
            case Reveal_CAK
            by contradiction /* from formulas */
          qed
        qed
      qed
    qed
  qed
qed

lemma initial_sak_secrecy_no_reveal:
  all-traces
  "∀ mn_ks1 mn_s1 kn sak1 #i.
    (((InitialSessionCompleted( mn_ks1, mn_s1, kn, sak1 ) @ #i) ∧
      (¬(∃ #k. RevealSAK( mn_ks1, mn_s1, kn, sak1 ) @ #k))) ∧
     (¬(∃ cak #l. RevealCAK( cak ) @ #l))) ⇒
    (¬(∃ #m. K( sak1 ) @ #m))"
/*
guarded formula characterizing all counter-examples:
"∃ mn_ks1 mn_s1 kn sak1 #i.
  (InitialSessionCompleted( mn_ks1, mn_s1, kn, sak1 ) @ #i)
 ∧
  (∀ #k. (RevealSAK( mn_ks1, mn_s1, kn, sak1 ) @ #k) ⇒ ⊥) ∧
  (∀ cak #l. (RevealCAK( cak ) @ #l) ⇒ ⊥) ∧
  (∃ #m. (K( sak1 ) @ #m))"
*/
simplify
solve( !SharedCAK( ~cak ) ▶₁ #i )
  case Setup_CAK
  solve( KSSTATE0( mn_ks1, mn_s, ~kn, sak1 ) ▶₂ #i )
    case Initial_KeyServer_Send
    solve( !KU( mac(<$Server, count(genMN($Server.1)), ~kn>,
                    kdf(~cak, 'ICK'))
           ) @ #vk.6 )
      case Initial_Server_Receive
      solve( splitEqs(1) )
        case split_case_1
        solve( !KU( kdf(~cak.1, <$Keyserver, ~kn, ~KS_nonce0>) ) @ #vk.9 )
          case Initial_KeyServer_Send
          solve( !KU( mac(<$Keyserver.1, count(genMN($Keyserver.1)), ~kn, c1>,
                          kdf(~cak, 'ICK'))
                 ) @ #vk.15 )
            case Initial_KeyServer_Send
            by contradiction /* non-normal terms */
          next
            case c_mac
            solve( !KU( kdf(~cak.1, 'KEK') ) @ #vk.19 )
              case c_kdf
              solve( !KU( ~cak.1 ) @ #vk.21 )
                case Reveal_CAK
                by contradiction /* from formulas */
              qed
            qed
          qed
        next
          case c_kdf
          solve( !KU( ~cak.1 ) @ #vk.17 )
            case Reveal_CAK
            by contradiction /* from formulas */
          qed
        qed
      next
        case split_case_2
        solve( !KU( kdf(~cak.1, <$Keyserver, ~kn, ~KS_nonce0>) ) @ #vk.9 )
          case Initial_KeyServer_Send
          solve( !KU( mac(<$Keyserver.1, count(genMN($Keyserver.1)), ~kn, 
                           senc(z, kdf(~cak, 'KEK'))>,
                          kdf(~cak, 'ICK'))
                 ) @ #vk.15 )
            case Initial_KeyServer_Send
            solve( !KU( kdf(~cak, 'KEK') ) @ #vk.16 )
              case c_kdf
              solve( !KU( ~cak ) @ #vk.17 )
                case Reveal_CAK
                by contradiction /* from formulas */
              qed
            qed
          next
            case c_mac
            solve( !KU( senc(z, kdf(~cak, 'KEK')) ) @ #vk.18 )
              case Initial_KeyServer_Send
              solve( !KU( kdf(~cak.1, 'KEK') ) @ #vk.19 )
                case c_kdf
                solve( !KU( ~cak.1 ) @ #vk.21 )
                  case Reveal_CAK
                  by contradiction /* from formulas */
                qed
              qed
            next
              case Malicious_KeyServer_Send
              solve( !KU( kdf(~cak.1, 'KEK') ) @ #vk.19 )
                case c_kdf
                solve( !KU( ~cak.1 ) @ #vk.21 )
                  case Reveal_CAK
                  by contradiction /* from formulas */
                qed
              qed
            next
              case Rekey_KeyServer_Send
              solve( !KU( kdf(~cak.1, 'KEK') ) @ #vk.19 )
                case c_kdf
                solve( !KU( ~cak.1 ) @ #vk.28 )
                  case Reveal_CAK
                  by contradiction /* from formulas */
                qed
              qed
            next
              case c_senc
              solve( !KU( kdf(~cak.1, 'KEK') ) @ #vk.19 )
                case c_kdf
                solve( !KU( ~cak.1 ) @ #vk.23 )
                  case Reveal_CAK
                  by contradiction /* from formulas */
                qed
              qed
            qed
          qed
        next
          case c_kdf
          solve( !KU( ~cak.1 ) @ #vk.17 )
            case Reveal_CAK
            by contradiction /* from formulas */
          qed
        qed
      qed
    next
      case c_mac
      solve( !KU( kdf(~cak.1, <$Keyserver, ~kn, ~KS_nonce0>) ) @ #vk.9 )
        case Initial_KeyServer_Send
        solve( !KU( kdf(~cak, 'ICK') ) @ #vk.10 )
          case c_kdf
          solve( !KU( ~cak ) @ #vk.12 )
            case Reveal_CAK
            by contradiction /* from formulas */
          qed
        qed
      next
        case c_kdf
        solve( !KU( ~cak.1 ) @ #vk.12 )
          case Reveal_CAK
          by contradiction /* from formulas */
        qed
      qed
    qed
  qed
qed

lemma rekey_sak_secrecy_no_reveal:
  all-traces
  "∀ mn_ks2 mn_s2 kn1 sak2 #i.
    (((RekeySessionCompleted( mn_ks2, mn_s2, kn1, sak2 ) @ #i) ∧
      (¬(∃ #k. RevealSAK( mn_ks2, mn_s2, kn1, sak2 ) @ #k))) ∧
     (¬(∃ cak #l. RevealCAK( cak ) @ #l))) ⇒
    (¬(∃ #m. K( sak2 ) @ #m))"
/*
guarded formula characterizing all counter-examples:
"∃ mn_ks2 mn_s2 kn1 sak2 #i.
  (RekeySessionCompleted( mn_ks2, mn_s2, kn1, sak2 ) @ #i)
 ∧
  (∀ #k. (RevealSAK( mn_ks2, mn_s2, kn1, sak2 ) @ #k) ⇒ ⊥) ∧
  (∀ cak #l. (RevealCAK( cak ) @ #l) ⇒ ⊥) ∧
  (∃ #m. (K( sak2 ) @ #m))"
*/
simplify
solve( !SharedCAK( ~cak ) ▶₁ #i )
  case Setup_CAK
  solve( KSSTATE2( mn_ks2, mn_s1, kn1, sak2 ) ▶₂ #i )
    case Rekey_KeyServer_Send
    solve( !KU( mac(<$Server, count(count(genMN($Server.1))), count(~kn)>,
                    kdf(~cak, 'ICK'))
           ) @ #vk.6 )
      case Rekey_Server_Receive
      solve( splitEqs(1) )
        case split_case_1
        solve( splitEqs(2) )
          case split_case_1
          solve( !KU( mac(<$Server.2, count(genMN($Server.1)), ~kn>,
                          kdf(~cak.3, 'ICK'))
                 ) @ #vk.20 )
            case Initial_Server_Receive
            solve( splitEqs(5) )
              case split_case_1
              solve( !KU( kdf(~cak.1, <$Keyserver.1, count(~kn), ~KS_nonce1>)
                     ) @ #vk.13 )
                case Rekey_KeyServer_Send
                solve( !KU( mac(<$Keyserver.2, count(count(genMN($Keyserver.3))), 
                                 count(~kn), c2>,
                                kdf(~cak, 'ICK'))
                       ) @ #vk.28 )
                  case Rekey_KeyServer_Send
                  by contradiction /* non-normal terms */
                next
                  case c_mac
                  solve( !KU( mac(<$Keyserver.3, count(genMN($Keyserver.3)), ~kn, c1>,
                                  kdf(~cak.4, 'ICK'))
                         ) @ #vk.36 )
                    case Initial_KeyServer_Send
                    by contradiction /* non-normal terms */
                  next
                    case c_mac
                    solve( !KU( mac(<$Keyserver.4, count(genMN($Keyserver.4)), ~kn, 
                                     senc(z, kdf(~cak.2, 'KEK'))>,
                                    kdf(~cak.2, 'ICK'))
                           ) @ #vk.44 )
                      case Initial_KeyServer_Send
                      solve( !KU( kdf(~cak.1, 'KEK') ) @ #vk.45 )
                        case c_kdf
                        solve( !KU( ~cak.1 ) @ #vk.48 )
                          case Reveal_CAK
                          by contradiction /* from formulas */
                        qed
                      qed
                    next
                      case c_mac
                      solve( !KU( senc(z, kdf(~cak.2, 'KEK')) ) @ #vk.47 )
                        case Initial_KeyServer_Send
                        solve( !KU( kdf(~cak.1, 'KEK') ) @ #vk.48 )
                          case c_kdf
                          solve( !KU( ~cak.1 ) @ #vk.52 )
                            case Reveal_CAK
                            by contradiction /* from formulas */
                          qed
                        qed
                      next
                        case Malicious_KeyServer_Send
                        solve( !KU( kdf(~cak.1, 'KEK') ) @ #vk.48 )
                          case c_kdf
                          solve( !KU( ~cak.1 ) @ #vk.52 )
                            case Reveal_CAK
                            by contradiction /* from formulas */
                          qed
                        qed
                      next
                        case Rekey_KeyServer_Send
                        solve( !KU( kdf(~cak.1, 'KEK') ) @ #vk.48 )
                          case c_kdf
                          solve( !KU( ~cak.1 ) @ #vk.59 )
                            case Reveal_CAK
                            by contradiction /* from formulas */
                          qed
                        qed
                      next
                        case c_senc
                        solve( !KU( kdf(~cak.1, 'KEK') ) @ #vk.48 )
                          case c_kdf
                          solve( !KU( ~cak.1 ) @ #vk.54 )
                            case Reveal_CAK
                            by contradiction /* from formulas */
                          qed
                        qed
                      qed
                    qed
                  qed
                qed
              next
                case c_kdf
                solve( !KU( ~cak.1 ) @ #vk.40 )
                  case Reveal_CAK
                  by contradiction /* from formulas */
                qed
              qed
            next
              case split_case_2
              solve( !KU( kdf(~cak.1, <$Keyserver.1, count(~kn), ~KS_nonce1>)
                     ) @ #vk.13 )
                case Rekey_KeyServer_Send
                solve( !KU( mac(<$Keyserver.2, count(count(genMN($Keyserver.3))), 
                                 count(~kn), c2>,
                                kdf(~cak, 'ICK'))
                       ) @ #vk.28 )
                  case Rekey_KeyServer_Send
                  by contradiction /* non-normal terms */
                next
                  case c_mac
                  solve( !KU( mac(<$Keyserver.3, count(genMN($Keyserver.3)), ~kn, c1>,
                                  kdf(~cak.4, 'ICK'))
                         ) @ #vk.36 )
                    case Initial_KeyServer_Send
                    by contradiction /* non-normal terms */
                  next
                    case c_mac
                    solve( !KU( mac(<$Keyserver.4, count(genMN($Keyserver.4)), ~kn, c1.1>,
                                    kdf(~cak.2, 'ICK'))
                           ) @ #vk.44 )
                      case Initial_KeyServer_Send
                      by contradiction /* non-normal terms */
                    next
                      case c_mac
                      solve( !KU( kdf(~cak.1, 'KEK') ) @ #vk.48 )
                        case c_kdf
                        solve( !KU( ~cak.1 ) @ #vk.52 )
                          case Reveal_CAK
                          by contradiction /* from formulas */
                        qed
                      qed
                    qed
                  qed
                qed
              next
                case c_kdf
                solve( !KU( ~cak.1 ) @ #vk.40 )
                  case Reveal_CAK
                  by contradiction /* from formulas */
                qed
              qed
            qed
          next
            case c_mac
            solve( !KU( kdf(~cak.1, <$Keyserver.1, count(~kn), ~KS_nonce1>)
                   ) @ #vk.11 )
              case Rekey_KeyServer_Send
              solve( !KU( mac(<$Keyserver.2, count(count(genMN($Keyserver.3))), 
                               count(~kn), c2>,
                              kdf(~cak, 'ICK'))
                     ) @ #vk.27 )
                case Rekey_KeyServer_Send
                by contradiction /* non-normal terms */
              next
                case c_mac
                solve( !KU( mac(<$Keyserver.3, count(genMN($Keyserver.3)), ~kn, c1>,
                                kdf(~cak.4, 'ICK'))
                       ) @ #vk.35 )
                  case Initial_KeyServer_Send
                  by contradiction /* non-normal terms */
                next
                  case c_mac
                  solve( !KU( kdf(~cak.2, 'ICK') ) @ #vk.39 )
                    case c_kdf
                    solve( !KU( ~cak.2 ) @ #vk.43 )
                      case Reveal_CAK
                      by contradiction /* from formulas */
                    qed
                  qed
                qed
              qed
            next
              case c_kdf
              solve( !KU( ~cak.1 ) @ #vk.35 )
                case Reveal_CAK
                by contradiction /* from formulas */
              qed
            qed
          qed
        next
          case split_case_2
          solve( !KU( mac(<$Server.2, count(genMN($Server.1)), ~kn>,
                          kdf(~cak.3, 'ICK'))
                 ) @ #vk.20 )
            case Initial_Server_Receive
            solve( splitEqs(5) )
              case split_case_1
              solve( !KU( kdf(~cak.1, <$Keyserver.1, count(~kn), ~KS_nonce1>)
                     ) @ #vk.13 )
                case Rekey_KeyServer_Send
                solve( !KU( mac(<$Keyserver.2, count(count(genMN($Keyserver.3))), 
                                 count(~kn), senc(z, kdf(~cak, 'KEK'))>,
                                kdf(~cak, 'ICK'))
                       ) @ #vk.28 )
                  case Rekey_KeyServer_Send
                  solve( !KU( mac(<$Keyserver, count(genMN($Keyserver)), ~kn, c1>,
                                  kdf(~cak.3, 'ICK'))
                         ) @ #vk.33 )
                    case Initial_KeyServer_Send
                    by contradiction /* non-normal terms */
                  next
                    case c_mac
                    solve( !KU( mac(<$Keyserver.2, count(genMN($Keyserver.2)), ~kn, c1.1>,
                                    kdf(~cak.1, 'ICK'))
                           ) @ #vk.41 )
                      case Initial_KeyServer_Send
                      by contradiction /* non-normal terms */
                    next
                      case c_mac
                      solve( !KU( kdf(~cak, 'KEK') ) @ #vk.45 )
                        case c_kdf
                        solve( !KU( ~cak ) @ #vk.48 )
                          case Reveal_CAK
                          by contradiction /* from formulas */
                        qed
                      qed
                    qed
                  qed
                next
                  case c_mac
                  solve( !KU( mac(<$Keyserver.3, count(genMN($Keyserver.3)), ~kn, c1>,
                                  kdf(~cak.4, 'ICK'))
                         ) @ #vk.36 )
                    case Initial_KeyServer_Send
                    by contradiction /* non-normal terms */
                  next
                    case c_mac
                    solve( !KU( senc(z, kdf(~cak, 'KEK')) ) @ #vk.33 )
                      case Initial_KeyServer_Send
                      solve( !KU( mac(<$Keyserver.5, count(genMN($Keyserver.5)), ~kn, c1.1>,
                                      kdf(~cak.2, 'ICK'))
                             ) @ #vk.44 )
                        case Initial_KeyServer_Send
                        by contradiction /* non-normal terms */
                      next
                        case c_mac
                        solve( !KU( kdf(~cak.1, 'KEK') ) @ #vk.48 )
                          case c_kdf
                          solve( !KU( ~cak.1 ) @ #vk.52 )
                            case Reveal_CAK
                            by contradiction /* from formulas */
                          qed
                        qed
                      qed
                    next
                      case Malicious_KeyServer_Send
                      solve( !KU( mac(<$Keyserver.4, count(genMN($Keyserver.4)), ~kn, c1.1>,
                                      kdf(~cak.2, 'ICK'))
                             ) @ #vk.44 )
                        case Initial_KeyServer_Send
                        by contradiction /* non-normal terms */
                      next
                        case c_mac
                        solve( !KU( kdf(~cak.1, 'KEK') ) @ #vk.48 )
                          case c_kdf
                          solve( !KU( ~cak.1 ) @ #vk.52 )
                            case Reveal_CAK
                            by contradiction /* from formulas */
                          qed
                        qed
                      qed
                    next
                      case Rekey_KeyServer_Send
                      solve( !KU( mac(<$Keyserver.5, count(genMN($Keyserver.5)), ~kn, c1.1>,
                                      kdf(~cak.2, 'ICK'))
                             ) @ #vk.44 )
                        case Initial_KeyServer_Send
                        by contradiction /* non-normal terms */
                      next
                        case c_mac
                        solve( !KU( kdf(~cak.1, 'KEK') ) @ #vk.48 )
                          case c_kdf
                          solve( !KU( ~cak.1 ) @ #vk.59 )
                            case Reveal_CAK
                            by contradiction /* from formulas */
                          qed
                        qed
                      qed
                    next
                      case c_senc
                      solve( !KU( mac(<$Keyserver.4, count(genMN($Keyserver.4)), ~kn, c1.1>,
                                      kdf(~cak.2, 'ICK'))
                             ) @ #vk.44 )
                        case Initial_KeyServer_Send
                        by contradiction /* non-normal terms */
                      next
                        case c_mac
                        solve( !KU( kdf(~cak.1, 'KEK') ) @ #vk.48 )
                          case c_kdf
                          solve( !KU( ~cak.1 ) @ #vk.54 )
                            case Reveal_CAK
                            by contradiction /* from formulas */
                          qed
                        qed
                      qed
                    qed
                  qed
                qed
              next
                case c_kdf
                solve( !KU( ~cak.1 ) @ #vk.40 )
                  case Reveal_CAK
                  by contradiction /* from formulas */
                qed
              qed
            next
              case split_case_2
              solve( !KU( kdf(~cak.1, <$Keyserver.1, count(~kn), ~KS_nonce1>)
                     ) @ #vk.13 )
                case Rekey_KeyServer_Send
                solve( !KU( mac(<$Keyserver.2, count(count(genMN($Keyserver.3))), 
                                 count(~kn), senc(z, kdf(~cak, 'KEK'))>,
                                kdf(~cak, 'ICK'))
                       ) @ #vk.28 )
                  case Rekey_KeyServer_Send
                  solve( !KU( mac(<$Keyserver, count(genMN($Keyserver)), ~kn, c1>,
                                  kdf(~cak.3, 'ICK'))
                         ) @ #vk.33 )
                    case Initial_KeyServer_Send
                    by contradiction /* non-normal terms */
                  next
                    case c_mac
                    solve( !KU( mac(<$Keyserver.2, count(genMN($Keyserver.2)), ~kn, 
                                     senc(z, kdf(~cak.1, 'KEK'))>,
                                    kdf(~cak.1, 'ICK'))
                           ) @ #vk.41 )
                      case Initial_KeyServer_Send
                      solve( !KU( kdf(~cak, 'KEK') ) @ #vk.40 )
                        case c_kdf
                        solve( !KU( ~cak ) @ #vk.42 )
                          case Reveal_CAK
                          by contradiction /* from formulas */
                        qed
                      qed
                    next
                      case c_mac
                      solve( !KU( senc(z, kdf(~cak.1, 'KEK')) ) @ #vk.44 )
                        case Initial_KeyServer_Send
                        solve( !KU( kdf(~cak, 'KEK') ) @ #vk.45 )
                          case c_kdf
                          solve( !KU( ~cak ) @ #vk.48 )
                            case Reveal_CAK
                            by contradiction /* from formulas */
                          qed
                        qed
                      next
                        case Malicious_KeyServer_Send
                        solve( !KU( kdf(~cak, 'KEK') ) @ #vk.45 )
                          case c_kdf
                          solve( !KU( ~cak ) @ #vk.48 )
                            case Reveal_CAK
                            by contradiction /* from formulas */
                          qed
                        qed
                      next
                        case Rekey_KeyServer_Send
                        solve( !KU( kdf(~cak, 'KEK') ) @ #vk.45 )
                          case c_kdf
                          solve( !KU( ~cak ) @ #vk.55 )
                            case Reveal_CAK
                            by contradiction /* from formulas */
                          qed
                        qed
                      next
                        case c_senc
                        solve( !KU( kdf(~cak, 'KEK') ) @ #vk.45 )
                          case c_kdf
                          solve( !KU( ~cak ) @ #vk.50 )
                            case Reveal_CAK
                            by contradiction /* from formulas */
                          qed
                        qed
                      qed
                    qed
                  qed
                next
                  case c_mac
                  solve( !KU( mac(<$Keyserver.3, count(genMN($Keyserver.3)), ~kn, c1>,
                                  kdf(~cak.4, 'ICK'))
                         ) @ #vk.36 )
                    case Initial_KeyServer_Send
                    by contradiction /* non-normal terms */
                  next
                    case c_mac
                    solve( !KU( senc(z, kdf(~cak, 'KEK')) ) @ #vk.33 )
                      case Initial_KeyServer_Send
                      solve( !KU( mac(<$Keyserver.5, count(genMN($Keyserver.5)), ~kn, 
                                       senc(z, kdf(~cak.2, 'KEK'))>,
                                      kdf(~cak.2, 'ICK'))
                             ) @ #vk.44 )
                        case Initial_KeyServer_Send
                        solve( !KU( kdf(~cak.1, 'KEK') ) @ #vk.45 )
                          case c_kdf
                          solve( !KU( ~cak.1 ) @ #vk.48 )
                            case Reveal_CAK
                            by contradiction /* from formulas */
                          qed
                        qed
                      next
                        case c_mac
                        solve( !KU( senc(z, kdf(~cak.2, 'KEK')) ) @ #vk.47 )
                          case Initial_KeyServer_Send
                          solve( !KU( kdf(~cak.1, 'KEK') ) @ #vk.48 )
                            case c_kdf
                            solve( !KU( ~cak.1 ) @ #vk.52 )
                              case Reveal_CAK
                              by contradiction /* from formulas */
                            qed
                          qed
                        next
                          case Malicious_KeyServer_Send
                          solve( !KU( kdf(~cak.1, 'KEK') ) @ #vk.48 )
                            case c_kdf
                            solve( !KU( ~cak.1 ) @ #vk.52 )
                              case Reveal_CAK
                              by contradiction /* from formulas */
                            qed
                          qed
                        next
                          case Rekey_KeyServer_Send
                          solve( !KU( kdf(~cak.1, 'KEK') ) @ #vk.48 )
                            case c_kdf
                            solve( !KU( ~cak.1 ) @ #vk.59 )
                              case Reveal_CAK
                              by contradiction /* from formulas */
                            qed
                          qed
                        next
                          case c_senc
                          solve( !KU( kdf(~cak.1, 'KEK') ) @ #vk.48 )
                            case c_kdf
                            solve( !KU( ~cak.1 ) @ #vk.54 )
                              case Reveal_CAK
                              by contradiction /* from formulas */
                            qed
                          qed
                        qed
                      qed
                    next
                      case Malicious_KeyServer_Send
                      solve( !KU( mac(<$Keyserver.4, count(genMN($Keyserver.4)), ~kn, 
                                       senc(z, kdf(~cak.2, 'KEK'))>,
                                      kdf(~cak.2, 'ICK'))
                             ) @ #vk.44 )
                        case Initial_KeyServer_Send
                        solve( !KU( kdf(~cak.1, 'KEK') ) @ #vk.45 )
                          case c_kdf
                          solve( !KU( ~cak.1 ) @ #vk.48 )
                            case Reveal_CAK
                            by contradiction /* from formulas */
                          qed
                        qed
                      next
                        case c_mac
                        solve( !KU( senc(z, kdf(~cak.2, 'KEK')) ) @ #vk.47 )
                          case Initial_KeyServer_Send
                          solve( !KU( kdf(~cak.1, 'KEK') ) @ #vk.48 )
                            case c_kdf
                            solve( !KU( ~cak.1 ) @ #vk.52 )
                              case Reveal_CAK
                              by contradiction /* from formulas */
                            qed
                          qed
                        next
                          case Malicious_KeyServer_Send
                          solve( !KU( kdf(~cak.1, 'KEK') ) @ #vk.48 )
                            case c_kdf
                            solve( !KU( ~cak.1 ) @ #vk.52 )
                              case Reveal_CAK
                              by contradiction /* from formulas */
                            qed
                          qed
                        next
                          case Rekey_KeyServer_Send
                          solve( !KU( kdf(~cak.1, 'KEK') ) @ #vk.48 )
                            case c_kdf
                            solve( !KU( ~cak.1 ) @ #vk.59 )
                              case Reveal_CAK
                              by contradiction /* from formulas */
                            qed
                          qed
                        next
                          case c_senc
                          solve( !KU( kdf(~cak.1, 'KEK') ) @ #vk.48 )
                            case c_kdf
                            solve( !KU( ~cak.1 ) @ #vk.54 )
                              case Reveal_CAK
                              by contradiction /* from formulas */
                            qed
                          qed
                        qed
                      qed
                    next
                      case Rekey_KeyServer_Send
                      solve( !KU( mac(<$Keyserver.5, count(genMN($Keyserver.5)), ~kn, 
                                       senc(z, kdf(~cak.2, 'KEK'))>,
                                      kdf(~cak.2, 'ICK'))
                             ) @ #vk.44 )
                        case Initial_KeyServer_Send
                        solve( !KU( kdf(~cak.1, 'KEK') ) @ #vk.45 )
                          case c_kdf
                          solve( !KU( ~cak.1 ) @ #vk.55 )
                            case Reveal_CAK
                            by contradiction /* from formulas */
                          qed
                        qed
                      next
                        case c_mac
                        solve( !KU( senc(z, kdf(~cak.2, 'KEK')) ) @ #vk.47 )
                          case Initial_KeyServer_Send
                          solve( !KU( kdf(~cak.1, 'KEK') ) @ #vk.48 )
                            case c_kdf
                            solve( !KU( ~cak.1 ) @ #vk.59 )
                              case Reveal_CAK
                              by contradiction /* from formulas */
                            qed
                          qed
                        next
                          case Malicious_KeyServer_Send
                          solve( !KU( kdf(~cak.1, 'KEK') ) @ #vk.48 )
                            case c_kdf
                            solve( !KU( ~cak.1 ) @ #vk.59 )
                              case Reveal_CAK
                              by contradiction /* from formulas */
                            qed
                          qed
                        next
                          case Rekey_KeyServer_Send
                          solve( !KU( kdf(~cak.1, 'KEK') ) @ #vk.48 )
                            case c_kdf
                            solve( !KU( ~cak.1 ) @ #vk.66 )
                              case Reveal_CAK
                              by contradiction /* from formulas */
                            qed
                          qed
                        next
                          case c_senc
                          solve( !KU( kdf(~cak.1, 'KEK') ) @ #vk.48 )
                            case c_kdf
                            solve( !KU( ~cak.1 ) @ #vk.61 )
                              case Reveal_CAK
                              by contradiction /* from formulas */
                            qed
                          qed
                        qed
                      qed
                    next
                      case c_senc
                      solve( !KU( mac(<$Keyserver.4, count(genMN($Keyserver.4)), ~kn, 
                                       senc(z.1, kdf(~cak.2, 'KEK'))>,
                                      kdf(~cak.2, 'ICK'))
                             ) @ #vk.44 )
                        case Initial_KeyServer_Send
                        solve( !KU( kdf(~cak.1, 'KEK') ) @ #vk.45 )
                          case c_kdf
                          solve( !KU( ~cak.1 ) @ #vk.50 )
                            case Reveal_CAK
                            by contradiction /* from formulas */
                          qed
                        qed
                      next
                        case c_mac
                        solve( !KU( senc(z.1, kdf(~cak.2, 'KEK')) ) @ #vk.47 )
                          case Initial_KeyServer_Send
                          solve( !KU( kdf(~cak.1, 'KEK') ) @ #vk.48 )
                            case c_kdf
                            solve( !KU( ~cak.1 ) @ #vk.54 )
                              case Reveal_CAK
                              by contradiction /* from formulas */
                            qed
                          qed
                        next
                          case Malicious_KeyServer_Send
                          solve( !KU( kdf(~cak.1, 'KEK') ) @ #vk.48 )
                            case c_kdf
                            solve( !KU( ~cak.1 ) @ #vk.54 )
                              case Reveal_CAK
                              by contradiction /* from formulas */
                            qed
                          qed
                        next
                          case Rekey_KeyServer_Send
                          solve( !KU( kdf(~cak.1, 'KEK') ) @ #vk.48 )
                            case c_kdf
                            solve( !KU( ~cak.1 ) @ #vk.61 )
                              case Reveal_CAK
                              by contradiction /* from formulas */
                            qed
                          qed
                        next
                          case c_senc
                          solve( !KU( kdf(~cak.1, 'KEK') ) @ #vk.48 )
                            case c_kdf
                            solve( !KU( ~cak.1 ) @ #vk.56 )
                              case Reveal_CAK
                              by contradiction /* from formulas */
                            qed
                          qed
                        qed
                      qed
                    qed
                  qed
                qed
              next
                case c_kdf
                solve( !KU( ~cak.1 ) @ #vk.40 )
                  case Reveal_CAK
                  by contradiction /* from formulas */
                qed
              qed
            qed
          next
            case c_mac
            solve( !KU( kdf(~cak.1, <$Keyserver.1, count(~kn), ~KS_nonce1>)
                   ) @ #vk.11 )
              case Rekey_KeyServer_Send
              solve( !KU( mac(<$Keyserver.2, count(count(genMN($Keyserver.3))), 
                               count(~kn), senc(z, kdf(~cak, 'KEK'))>,
                              kdf(~cak, 'ICK'))
                     ) @ #vk.27 )
                case Rekey_KeyServer_Send
                solve( !KU( mac(<$Keyserver, count(genMN($Keyserver)), ~kn, c1>,
                                kdf(~cak.3, 'ICK'))
                       ) @ #vk.32 )
                  case Initial_KeyServer_Send
                  by contradiction /* non-normal terms */
                next
                  case c_mac
                  solve( !KU( kdf(~cak.1, 'ICK') ) @ #vk.36 )
                    case c_kdf
                    solve( !KU( ~cak.1 ) @ #vk.39 )
                      case Reveal_CAK
                      by contradiction /* from formulas */
                    qed
                  qed
                qed
              next
                case c_mac
                solve( !KU( mac(<$Keyserver.3, count(genMN($Keyserver.3)), ~kn, c1>,
                                kdf(~cak.4, 'ICK'))
                       ) @ #vk.35 )
                  case Initial_KeyServer_Send
                  by contradiction /* non-normal terms */
                next
                  case c_mac
                  solve( !KU( senc(z, kdf(~cak, 'KEK')) ) @ #vk.32 )
                    case Initial_KeyServer_Send
                    solve( !KU( kdf(~cak.2, 'ICK') ) @ #vk.39 )
                      case c_kdf
                      solve( !KU( ~cak.2 ) @ #vk.43 )
                        case Reveal_CAK
                        by contradiction /* from formulas */
                      qed
                    qed
                  next
                    case Malicious_KeyServer_Send
                    solve( !KU( kdf(~cak.2, 'ICK') ) @ #vk.39 )
                      case c_kdf
                      solve( !KU( ~cak.2 ) @ #vk.43 )
                        case Reveal_CAK
                        by contradiction /* from formulas */
                      qed
                    qed
                  next
                    case Rekey_KeyServer_Send
                    solve( !KU( kdf(~cak.2, 'ICK') ) @ #vk.39 )
                      case c_kdf
                      solve( !KU( ~cak.2 ) @ #vk.50 )
                        case Reveal_CAK
                        by contradiction /* from formulas */
                      qed
                    qed
                  next
                    case c_senc
                    solve( !KU( kdf(~cak.2, 'ICK') ) @ #vk.39 )
                      case c_kdf
                      solve( !KU( ~cak.2 ) @ #vk.45 )
                        case Reveal_CAK
                        by contradiction /* from formulas */
                      qed
                    qed
                  qed
                qed
              qed
            next
              case c_kdf
              solve( !KU( ~cak.1 ) @ #vk.35 )
                case Reveal_CAK
                by contradiction /* from formulas */
              qed
            qed
          qed
        qed
      next
        case split_case_2
        solve( splitEqs(2) )
          case split_case_1
          solve( !KU( mac(<$Server.2, count(genMN($Server.1)), ~kn>,
                          kdf(~cak.3, 'ICK'))
                 ) @ #vk.20 )
            case Initial_Server_Receive
            solve( splitEqs(5) )
              case split_case_1
              solve( !KU( kdf(~cak.1, <$Keyserver.1, count(~kn), ~KS_nonce1>)
                     ) @ #vk.13 )
                case Rekey_KeyServer_Send
                solve( !KU( mac(<$Keyserver.2, count(count(genMN($Keyserver.3))), 
                                 count(~kn), c2>,
                                kdf(~cak, 'ICK'))
                       ) @ #vk.28 )
                  case Rekey_KeyServer_Send
                  by contradiction /* non-normal terms */
                next
                  case c_mac
                  solve( !KU( mac(<$Keyserver.3, count(genMN($Keyserver.3)), ~kn, 
                                   senc(sak1, kdf(~cak.4, 'KEK'))>,
                                  kdf(~cak.4, 'ICK'))
                         ) @ #vk.36 )
                    case Initial_KeyServer_Send
                    solve( !KU( mac(<$Keyserver.3, count(genMN($Keyserver.3)), ~kn, c1>,
                                    kdf(~cak.2, 'ICK'))
                           ) @ #vk.41 )
                      case Initial_KeyServer_Send
                      by contradiction /* non-normal terms */
                    next
                      case c_mac
                      solve( !KU( kdf(~cak.1, 'KEK') ) @ #vk.45 )
                        case c_kdf
                        solve( !KU( ~cak.1 ) @ #vk.48 )
                          case Reveal_CAK
                          by contradiction /* from formulas */
                        qed
                      qed
                    qed
                  next
                    case c_mac
                    solve( !KU( senc(sak1, kdf(~cak.4, 'KEK')) ) @ #vk.39 )
                      case Initial_KeyServer_Send
                      solve( !KU( mac(<$Keyserver.5, count(genMN($Keyserver.5)), ~kn, c1>,
                                      kdf(~cak.2, 'ICK'))
                             ) @ #vk.44 )
                        case Initial_KeyServer_Send
                        by contradiction /* non-normal terms */
                      next
                        case c_mac
                        solve( !KU( kdf(~cak.1, 'KEK') ) @ #vk.48 )
                          case c_kdf
                          solve( !KU( ~cak.1 ) @ #vk.52 )
                            case Reveal_CAK
                            by contradiction /* from formulas */
                          qed
                        qed
                      qed
                    next
                      case Malicious_KeyServer_Send
                      solve( !KU( mac(<$Keyserver.4, count(genMN($Keyserver.4)), ~kn, c1>,
                                      kdf(~cak.2, 'ICK'))
                             ) @ #vk.44 )
                        case Initial_KeyServer_Send
                        by contradiction /* non-normal terms */
                      next
                        case c_mac
                        solve( !KU( kdf(~cak.1, 'KEK') ) @ #vk.48 )
                          case c_kdf
                          solve( !KU( ~cak.1 ) @ #vk.52 )
                            case Reveal_CAK
                            by contradiction /* from formulas */
                          qed
                        qed
                      qed
                    next
                      case Rekey_KeyServer_Send
                      solve( !KU( mac(<$Keyserver.5, count(genMN($Keyserver.5)), ~kn, c1>,
                                      kdf(~cak.2, 'ICK'))
                             ) @ #vk.44 )
                        case Initial_KeyServer_Send
                        by contradiction /* non-normal terms */
                      next
                        case c_mac
                        solve( !KU( kdf(~cak.1, 'KEK') ) @ #vk.48 )
                          case c_kdf
                          solve( !KU( ~cak.1 ) @ #vk.59 )
                            case Reveal_CAK
                            by contradiction /* from formulas */
                          qed
                        qed
                      qed
                    next
                      case c_senc
                      solve( !KU( mac(<$Keyserver.4, count(genMN($Keyserver.4)), ~kn, c1>,
                                      kdf(~cak.2, 'ICK'))
                             ) @ #vk.44 )
                        case Initial_KeyServer_Send
                        by contradiction /* non-normal terms */
                      next
                        case c_mac
                        solve( !KU( kdf(~cak.1, 'KEK') ) @ #vk.48 )
                          case c_kdf
                          solve( !KU( ~cak.1 ) @ #vk.54 )
                            case Reveal_CAK
                            by contradiction /* from formulas */
                          qed
                        qed
                      qed
                    qed
                  qed
                qed
              next
                case c_kdf
                solve( !KU( ~cak.1 ) @ #vk.40 )
                  case Reveal_CAK
                  by contradiction /* from formulas */
                qed
              qed
            next
              case split_case_2
              solve( !KU( kdf(~cak.1, <$Keyserver.1, count(~kn), ~KS_nonce1>)
                     ) @ #vk.13 )
                case Rekey_KeyServer_Send
                solve( !KU( mac(<$Keyserver.2, count(count(genMN($Keyserver.3))), 
                                 count(~kn), c2>,
                                kdf(~cak, 'ICK'))
                       ) @ #vk.28 )
                  case Rekey_KeyServer_Send
                  by contradiction /* non-normal terms */
                next
                  case c_mac
                  solve( !KU( mac(<$Keyserver.3, count(genMN($Keyserver.3)), ~kn, 
                                   senc(sak1, kdf(~cak.4, 'KEK'))>,
                                  kdf(~cak.4, 'ICK'))
                         ) @ #vk.36 )
                    case Initial_KeyServer_Send
                    solve( !KU( mac(<$Keyserver.3, count(genMN($Keyserver.3)), ~kn, 
                                     senc(z, kdf(~cak.2, 'KEK'))>,
                                    kdf(~cak.2, 'ICK'))
                           ) @ #vk.41 )
                      case Initial_KeyServer_Send
                      solve( !KU( kdf(~cak.1, 'KEK') ) @ #vk.34 )
                        case c_kdf
                        solve( !KU( ~cak.1 ) @ #vk.36 )
                          case Reveal_CAK
                          by contradiction /* from formulas */
                        qed
                      qed
                    next
                      case c_mac
                      solve( !KU( senc(z, kdf(~cak.2, 'KEK')) ) @ #vk.44 )
                        case Initial_KeyServer_Send
                        solve( !KU( kdf(~cak.1, 'KEK') ) @ #vk.45 )
                          case c_kdf
                          solve( !KU( ~cak.1 ) @ #vk.48 )
                            case Reveal_CAK
                            by contradiction /* from formulas */
                          qed
                        qed
                      next
                        case Malicious_KeyServer_Send
                        solve( !KU( kdf(~cak.1, 'KEK') ) @ #vk.45 )
                          case c_kdf
                          solve( !KU( ~cak.1 ) @ #vk.48 )
                            case Reveal_CAK
                            by contradiction /* from formulas */
                          qed
                        qed
                      next
                        case Rekey_KeyServer_Send
                        solve( !KU( kdf(~cak.1, 'KEK') ) @ #vk.45 )
                          case c_kdf
                          solve( !KU( ~cak.1 ) @ #vk.55 )
                            case Reveal_CAK
                            by contradiction /* from formulas */
                          qed
                        qed
                      next
                        case c_senc
                        solve( !KU( kdf(~cak.1, 'KEK') ) @ #vk.45 )
                          case c_kdf
                          solve( !KU( ~cak.1 ) @ #vk.50 )
                            case Reveal_CAK
                            by contradiction /* from formulas */
                          qed
                        qed
                      qed
                    qed
                  next
                    case c_mac
                    solve( !KU( senc(sak1, kdf(~cak.4, 'KEK')) ) @ #vk.39 )
                      case Initial_KeyServer_Send
                      solve( !KU( mac(<$Keyserver.5, count(genMN($Keyserver.5)), ~kn, 
                                       senc(z, kdf(~cak.2, 'KEK'))>,
                                      kdf(~cak.2, 'ICK'))
                             ) @ #vk.44 )
                        case Initial_KeyServer_Send
                        solve( !KU( kdf(~cak.1, 'KEK') ) @ #vk.45 )
                          case c_kdf
                          solve( !KU( ~cak.1 ) @ #vk.48 )
                            case Reveal_CAK
                            by contradiction /* from formulas */
                          qed
                        qed
                      next
                        case c_mac
                        solve( !KU( senc(z, kdf(~cak.2, 'KEK')) ) @ #vk.47 )
                          case Initial_KeyServer_Send
                          solve( !KU( kdf(~cak.1, 'KEK') ) @ #vk.48 )
                            case c_kdf
                            solve( !KU( ~cak.1 ) @ #vk.52 )
                              case Reveal_CAK
                              by contradiction /* from formulas */
                            qed
                          qed
                        next
                          case Malicious_KeyServer_Send
                          solve( !KU( kdf(~cak.1, 'KEK') ) @ #vk.48 )
                            case c_kdf
                            solve( !KU( ~cak.1 ) @ #vk.52 )
                              case Reveal_CAK
                              by contradiction /* from formulas */
                            qed
                          qed
                        next
                          case Rekey_KeyServer_Send
                          solve( !KU( kdf(~cak.1, 'KEK') ) @ #vk.48 )
                            case c_kdf
                            solve( !KU( ~cak.1 ) @ #vk.59 )
                              case Reveal_CAK
                              by contradiction /* from formulas */
                            qed
                          qed
                        next
                          case c_senc
                          solve( !KU( kdf(~cak.1, 'KEK') ) @ #vk.48 )
                            case c_kdf
                            solve( !KU( ~cak.1 ) @ #vk.54 )
                              case Reveal_CAK
                              by contradiction /* from formulas */
                            qed
                          qed
                        qed
                      qed
                    next
                      case Malicious_KeyServer_Send
                      solve( !KU( mac(<$Keyserver.4, count(genMN($Keyserver.4)), ~kn, 
                                       senc(z, kdf(~cak.2, 'KEK'))>,
                                      kdf(~cak.2, 'ICK'))
                             ) @ #vk.44 )
                        case Initial_KeyServer_Send
                        solve( !KU( kdf(~cak.1, 'KEK') ) @ #vk.45 )
                          case c_kdf
                          solve( !KU( ~cak.1 ) @ #vk.48 )
                            case Reveal_CAK
                            by contradiction /* from formulas */
                          qed
                        qed
                      next
                        case c_mac
                        solve( !KU( senc(z, kdf(~cak.2, 'KEK')) ) @ #vk.47 )
                          case Initial_KeyServer_Send
                          solve( !KU( kdf(~cak.1, 'KEK') ) @ #vk.48 )
                            case c_kdf
                            solve( !KU( ~cak.1 ) @ #vk.52 )
                              case Reveal_CAK
                              by contradiction /* from formulas */
                            qed
                          qed
                        next
                          case Malicious_KeyServer_Send
                          solve( !KU( kdf(~cak.1, 'KEK') ) @ #vk.48 )
                            case c_kdf
                            solve( !KU( ~cak.1 ) @ #vk.52 )
                              case Reveal_CAK
                              by contradiction /* from formulas */
                            qed
                          qed
                        next
                          case Rekey_KeyServer_Send
                          solve( !KU( kdf(~cak.1, 'KEK') ) @ #vk.48 )
                            case c_kdf
                            solve( !KU( ~cak.1 ) @ #vk.59 )
                              case Reveal_CAK
                              by contradiction /* from formulas */
                            qed
                          qed
                        next
                          case c_senc
                          solve( !KU( kdf(~cak.1, 'KEK') ) @ #vk.48 )
                            case c_kdf
                            solve( !KU( ~cak.1 ) @ #vk.54 )
                              case Reveal_CAK
                              by contradiction /* from formulas */
                            qed
                          qed
                        qed
                      qed
                    next
                      case Rekey_KeyServer_Send
                      solve( !KU( mac(<$Keyserver.5, count(genMN($Keyserver.5)), ~kn, 
                                       senc(z, kdf(~cak.2, 'KEK'))>,
                                      kdf(~cak.2, 'ICK'))
                             ) @ #vk.44 )
                        case Initial_KeyServer_Send
                        solve( !KU( kdf(~cak.1, 'KEK') ) @ #vk.45 )
                          case c_kdf
                          solve( !KU( ~cak.1 ) @ #vk.55 )
                            case Reveal_CAK
                            by contradiction /* from formulas */
                          qed
                        qed
                      next
                        case c_mac
                        solve( !KU( senc(z, kdf(~cak.2, 'KEK')) ) @ #vk.47 )
                          case Initial_KeyServer_Send
                          solve( !KU( kdf(~cak.1, 'KEK') ) @ #vk.48 )
                            case c_kdf
                            solve( !KU( ~cak.1 ) @ #vk.59 )
                              case Reveal_CAK
                              by contradiction /* from formulas */
                            qed
                          qed
                        next
                          case Malicious_KeyServer_Send
                          solve( !KU( kdf(~cak.1, 'KEK') ) @ #vk.48 )
                            case c_kdf
                            solve( !KU( ~cak.1 ) @ #vk.59 )
                              case Reveal_CAK
                              by contradiction /* from formulas */
                            qed
                          qed
                        next
                          case Rekey_KeyServer_Send
                          solve( !KU( kdf(~cak.1, 'KEK') ) @ #vk.48 )
                            case c_kdf
                            solve( !KU( ~cak.1 ) @ #vk.66 )
                              case Reveal_CAK
                              by contradiction /* from formulas */
                            qed
                          qed
                        next
                          case c_senc
                          solve( !KU( kdf(~cak.1, 'KEK') ) @ #vk.48 )
                            case c_kdf
                            solve( !KU( ~cak.1 ) @ #vk.61 )
                              case Reveal_CAK
                              by contradiction /* from formulas */
                            qed
                          qed
                        qed
                      qed
                    next
                      case c_senc
                      solve( !KU( mac(<$Keyserver.4, count(genMN($Keyserver.4)), ~kn, 
                                       senc(z, kdf(~cak.2, 'KEK'))>,
                                      kdf(~cak.2, 'ICK'))
                             ) @ #vk.44 )
                        case Initial_KeyServer_Send
                        solve( !KU( kdf(~cak.1, 'KEK') ) @ #vk.45 )
                          case c_kdf
                          solve( !KU( ~cak.1 ) @ #vk.50 )
                            case Reveal_CAK
                            by contradiction /* from formulas */
                          qed
                        qed
                      next
                        case c_mac
                        solve( !KU( senc(z, kdf(~cak.2, 'KEK')) ) @ #vk.47 )
                          case Initial_KeyServer_Send
                          solve( !KU( kdf(~cak.1, 'KEK') ) @ #vk.48 )
                            case c_kdf
                            solve( !KU( ~cak.1 ) @ #vk.54 )
                              case Reveal_CAK
                              by contradiction /* from formulas */
                            qed
                          qed
                        next
                          case Malicious_KeyServer_Send
                          solve( !KU( kdf(~cak.1, 'KEK') ) @ #vk.48 )
                            case c_kdf
                            solve( !KU( ~cak.1 ) @ #vk.54 )
                              case Reveal_CAK
                              by contradiction /* from formulas */
                            qed
                          qed
                        next
                          case Rekey_KeyServer_Send
                          solve( !KU( kdf(~cak.1, 'KEK') ) @ #vk.48 )
                            case c_kdf
                            solve( !KU( ~cak.1 ) @ #vk.61 )
                              case Reveal_CAK
                              by contradiction /* from formulas */
                            qed
                          qed
                        next
                          case c_senc
                          solve( !KU( kdf(~cak.1, 'KEK') ) @ #vk.48 )
                            case c_kdf
                            solve( !KU( ~cak.1 ) @ #vk.56 )
                              case Reveal_CAK
                              by contradiction /* from formulas */
                            qed
                          qed
                        qed
                      qed
                    qed
                  qed
                qed
              next
                case c_kdf
                solve( !KU( ~cak.1 ) @ #vk.40 )
                  case Reveal_CAK
                  by contradiction /* from formulas */
                qed
              qed
            qed
          next
            case c_mac
            solve( !KU( kdf(~cak.1, <$Keyserver.1, count(~kn), ~KS_nonce1>)
                   ) @ #vk.11 )
              case Rekey_KeyServer_Send
              solve( !KU( mac(<$Keyserver.2, count(count(genMN($Keyserver.3))), 
                               count(~kn), c2>,
                              kdf(~cak, 'ICK'))
                     ) @ #vk.27 )
                case Rekey_KeyServer_Send
                by contradiction /* non-normal terms */
              next
                case c_mac
                solve( !KU( mac(<$Keyserver.3, count(genMN($Keyserver.3)), ~kn, 
                                 senc(sak1, kdf(~cak.4, 'KEK'))>,
                                kdf(~cak.4, 'ICK'))
                       ) @ #vk.35 )
                  case Initial_KeyServer_Send
                  solve( !KU( kdf(~cak.2, 'ICK') ) @ #vk.36 )
                    case c_kdf
                    solve( !KU( ~cak.2 ) @ #vk.39 )
                      case Reveal_CAK
                      by contradiction /* from formulas */
                    qed
                  qed
                next
                  case c_mac
                  solve( !KU( senc(sak1, kdf(~cak.4, 'KEK')) ) @ #vk.38 )
                    case Initial_KeyServer_Send
                    solve( !KU( kdf(~cak.2, 'ICK') ) @ #vk.39 )
                      case c_kdf
                      solve( !KU( ~cak.2 ) @ #vk.43 )
                        case Reveal_CAK
                        by contradiction /* from formulas */
                      qed
                    qed
                  next
                    case Malicious_KeyServer_Send
                    solve( !KU( kdf(~cak.2, 'ICK') ) @ #vk.39 )
                      case c_kdf
                      solve( !KU( ~cak.2 ) @ #vk.43 )
                        case Reveal_CAK
                        by contradiction /* from formulas */
                      qed
                    qed
                  next
                    case Rekey_KeyServer_Send
                    solve( !KU( kdf(~cak.2, 'ICK') ) @ #vk.39 )
                      case c_kdf
                      solve( !KU( ~cak.2 ) @ #vk.50 )
                        case Reveal_CAK
                        by contradiction /* from formulas */
                      qed
                    qed
                  next
                    case c_senc
                    solve( !KU( kdf(~cak.2, 'ICK') ) @ #vk.39 )
                      case c_kdf
                      solve( !KU( ~cak.2 ) @ #vk.45 )
                        case Reveal_CAK
                        by contradiction /* from formulas */
                      qed
                    qed
                  qed
                qed
              qed
            next
              case c_kdf
              solve( !KU( ~cak.1 ) @ #vk.35 )
                case Reveal_CAK
                by contradiction /* from formulas */
              qed
            qed
          qed
        next
          case split_case_2
          solve( !KU( mac(<$Server.2, count(genMN($Server.1)), ~kn>,
                          kdf(~cak.3, 'ICK'))
                 ) @ #vk.20 )
            case Initial_Server_Receive
            solve( splitEqs(5) )
              case split_case_1
              solve( !KU( kdf(~cak.1, <$Keyserver.1, count(~kn), ~KS_nonce1>)
                     ) @ #vk.13 )
                case Rekey_KeyServer_Send
                solve( !KU( mac(<$Keyserver.2, count(count(genMN($Keyserver.3))), 
                                 count(~kn), senc(z, kdf(~cak, 'KEK'))>,
                                kdf(~cak, 'ICK'))
                       ) @ #vk.28 )
                  case Rekey_KeyServer_Send
                  solve( !KU( mac(<$Keyserver, count(genMN($Keyserver)), ~kn, 
                                   senc(sak1, kdf(~cak.3, 'KEK'))>,
                                  kdf(~cak.3, 'ICK'))
                         ) @ #vk.33 )
                    case Initial_KeyServer_Send
                    solve( !KU( mac(<$Keyserver.2, count(genMN($Keyserver.2)), ~kn, c1>,
                                    kdf(~cak.1, 'ICK'))
                           ) @ #vk.38 )
                      case Initial_KeyServer_Send
                      by contradiction /* non-normal terms */
                    next
                      case c_mac
                      solve( !KU( kdf(~cak, 'KEK') ) @ #vk.42 )
                        case c_kdf
                        solve( !KU( ~cak ) @ #vk.44 )
                          case Reveal_CAK
                          by contradiction /* from formulas */
                        qed
                      qed
                    qed
                  next
                    case c_mac
                    solve( !KU( senc(sak1, kdf(~cak.3, 'KEK')) ) @ #vk.36 )
                      case Initial_KeyServer_Send
                      solve( !KU( mac(<$Keyserver.3, count(genMN($Keyserver.3)), ~kn, c1>,
                                      kdf(~cak.1, 'ICK'))
                             ) @ #vk.41 )
                        case Initial_KeyServer_Send
                        by contradiction /* non-normal terms */
                      next
                        case c_mac
                        solve( !KU( kdf(~cak, 'KEK') ) @ #vk.45 )
                          case c_kdf
                          solve( !KU( ~cak ) @ #vk.48 )
                            case Reveal_CAK
                            by contradiction /* from formulas */
                          qed
                        qed
                      qed
                    next
                      case Malicious_KeyServer_Send
                      solve( !KU( mac(<$Keyserver.2, count(genMN($Keyserver.2)), ~kn, c1>,
                                      kdf(~cak.1, 'ICK'))
                             ) @ #vk.41 )
                        case Initial_KeyServer_Send
                        by contradiction /* non-normal terms */
                      next
                        case c_mac
                        solve( !KU( kdf(~cak, 'KEK') ) @ #vk.45 )
                          case c_kdf
                          solve( !KU( ~cak ) @ #vk.48 )
                            case Reveal_CAK
                            by contradiction /* from formulas */
                          qed
                        qed
                      qed
                    next
                      case Rekey_KeyServer_Send
                      solve( !KU( mac(<$Keyserver.3, count(genMN($Keyserver.3)), ~kn, c1>,
                                      kdf(~cak.1, 'ICK'))
                             ) @ #vk.41 )
                        case Initial_KeyServer_Send
                        by contradiction /* non-normal terms */
                      next
                        case c_mac
                        solve( !KU( kdf(~cak, 'KEK') ) @ #vk.45 )
                          case c_kdf
                          solve( !KU( ~cak ) @ #vk.55 )
                            case Reveal_CAK
                            by contradiction /* from formulas */
                          qed
                        qed
                      qed
                    next
                      case c_senc
                      solve( !KU( mac(<$Keyserver.2, count(genMN($Keyserver.2)), ~kn, c1>,
                                      kdf(~cak.1, 'ICK'))
                             ) @ #vk.41 )
                        case Initial_KeyServer_Send
                        by contradiction /* non-normal terms */
                      next
                        case c_mac
                        solve( !KU( kdf(~cak, 'KEK') ) @ #vk.45 )
                          case c_kdf
                          solve( !KU( ~cak ) @ #vk.50 )
                            case Reveal_CAK
                            by contradiction /* from formulas */
                          qed
                        qed
                      qed
                    qed
                  qed
                next
                  case c_mac
                  solve( !KU( mac(<$Keyserver.3, count(genMN($Keyserver.3)), ~kn, 
                                   senc(sak1, kdf(~cak.4, 'KEK'))>,
                                  kdf(~cak.4, 'ICK'))
                         ) @ #vk.36 )
                    case Initial_KeyServer_Send
                    solve( !KU( senc(z, kdf(~cak, 'KEK')) ) @ #vk.32 )
                      case Initial_KeyServer_Send
                      solve( !KU( mac(<$Keyserver.4, count(genMN($Keyserver.4)), ~kn, c1>,
                                      kdf(~cak.2, 'ICK'))
                             ) @ #vk.41 )
                        case Initial_KeyServer_Send
                        by contradiction /* non-normal terms */
                      next
                        case c_mac
                        solve( !KU( kdf(~cak.1, 'KEK') ) @ #vk.45 )
                          case c_kdf
                          solve( !KU( ~cak.1 ) @ #vk.48 )
                            case Reveal_CAK
                            by contradiction /* from formulas */
                          qed
                        qed
                      qed
                    next
                      case Malicious_KeyServer_Send
                      solve( !KU( mac(<$Keyserver.3, count(genMN($Keyserver.3)), ~kn, c1>,
                                      kdf(~cak.2, 'ICK'))
                             ) @ #vk.41 )
                        case Initial_KeyServer_Send
                        by contradiction /* non-normal terms */
                      next
                        case c_mac
                        solve( !KU( kdf(~cak.1, 'KEK') ) @ #vk.45 )
                          case c_kdf
                          solve( !KU( ~cak.1 ) @ #vk.48 )
                            case Reveal_CAK
                            by contradiction /* from formulas */
                          qed
                        qed
                      qed
                    next
                      case Rekey_KeyServer_Send
                      solve( !KU( mac(<$Keyserver.4, count(genMN($Keyserver.4)), ~kn, c1>,
                                      kdf(~cak.2, 'ICK'))
                             ) @ #vk.41 )
                        case Initial_KeyServer_Send
                        by contradiction /* non-normal terms */
                      next
                        case c_mac
                        solve( !KU( kdf(~cak.1, 'KEK') ) @ #vk.45 )
                          case c_kdf
                          solve( !KU( ~cak.1 ) @ #vk.55 )
                            case Reveal_CAK
                            by contradiction /* from formulas */
                          qed
                        qed
                      qed
                    next
                      case c_senc
                      solve( !KU( mac(<$Keyserver.3, count(genMN($Keyserver.3)), ~kn, c1>,
                                      kdf(~cak.2, 'ICK'))
                             ) @ #vk.41 )
                        case Initial_KeyServer_Send
                        by contradiction /* non-normal terms */
                      next
                        case c_mac
                        solve( !KU( kdf(~cak.1, 'KEK') ) @ #vk.45 )
                          case c_kdf
                          solve( !KU( ~cak.1 ) @ #vk.50 )
                            case Reveal_CAK
                            by contradiction /* from formulas */
                          qed
                        qed
                      qed
                    qed
                  next
                    case c_mac
                    solve( !KU( senc(sak1, kdf(~cak.4, 'KEK')) ) @ #vk.39 )
                      case Initial_KeyServer_Send
                      solve( !KU( senc(z, kdf(~cak, 'KEK')) ) @ #vk.36 )
                        case Initial_KeyServer_Send
                        solve( !KU( mac(<$Keyserver.6, count(genMN($Keyserver.6)), ~kn, c1>,
                                        kdf(~cak.2, 'ICK'))
                               ) @ #vk.44 )
                          case Initial_KeyServer_Send
                          by contradiction /* non-normal terms */
                        next
                          case c_mac
                          solve( !KU( kdf(~cak.1, 'KEK') ) @ #vk.48 )
                            case c_kdf
                            solve( !KU( ~cak.1 ) @ #vk.52 )
                              case Reveal_CAK
                              by contradiction /* from formulas */
                            qed
                          qed
                        qed
                      next
                        case Malicious_KeyServer_Send
                        solve( !KU( mac(<$Keyserver.5, count(genMN($Keyserver.5)), ~kn, c1>,
                                        kdf(~cak.2, 'ICK'))
                               ) @ #vk.44 )
                          case Initial_KeyServer_Send
                          by contradiction /* non-normal terms */
                        next
                          case c_mac
                          solve( !KU( kdf(~cak.1, 'KEK') ) @ #vk.48 )
                            case c_kdf
                            solve( !KU( ~cak.1 ) @ #vk.52 )
                              case Reveal_CAK
                              by contradiction /* from formulas */
                            qed
                          qed
                        qed
                      next
                        case Rekey_KeyServer_Send
                        solve( !KU( mac(<$Keyserver.6, count(genMN($Keyserver.6)), ~kn, c1>,
                                        kdf(~cak.2, 'ICK'))
                               ) @ #vk.44 )
                          case Initial_KeyServer_Send
                          by contradiction /* non-normal terms */
                        next
                          case c_mac
                          solve( !KU( kdf(~cak.1, 'KEK') ) @ #vk.48 )
                            case c_kdf
                            solve( !KU( ~cak.1 ) @ #vk.59 )
                              case Reveal_CAK
                              by contradiction /* from formulas */
                            qed
                          qed
                        qed
                      next
                        case c_senc
                        solve( !KU( mac(<$Keyserver.5, count(genMN($Keyserver.5)), ~kn, c1>,
                                        kdf(~cak.2, 'ICK'))
                               ) @ #vk.44 )
                          case Initial_KeyServer_Send
                          by contradiction /* non-normal terms */
                        next
                          case c_mac
                          solve( !KU( kdf(~cak.1, 'KEK') ) @ #vk.48 )
                            case c_kdf
                            solve( !KU( ~cak.1 ) @ #vk.54 )
                              case Reveal_CAK
                              by contradiction /* from formulas */
                            qed
                          qed
                        qed
                      qed
                    next
                      case Malicious_KeyServer_Send
                      solve( !KU( senc(z, kdf(~cak, 'KEK')) ) @ #vk.36 )
                        case Initial_KeyServer_Send
                        solve( !KU( mac(<$Keyserver.6, count(genMN($Keyserver.6)), ~kn, c1>,
                                        kdf(~cak.2, 'ICK'))
                               ) @ #vk.44 )
                          case Initial_KeyServer_Send
                          by contradiction /* non-normal terms */
                        next
                          case c_mac
                          solve( !KU( kdf(~cak.1, 'KEK') ) @ #vk.48 )
                            case c_kdf
                            solve( !KU( ~cak.1 ) @ #vk.52 )
                              case Reveal_CAK
                              by contradiction /* from formulas */
                            qed
                          qed
                        qed
                      next
                        case Malicious_KeyServer_Send
                        solve( !KU( mac(<$Keyserver.5, count(genMN($Keyserver.5)), ~kn, c1>,
                                        kdf(~cak.2, 'ICK'))
                               ) @ #vk.44 )
                          case Initial_KeyServer_Send
                          by contradiction /* non-normal terms */
                        next
                          case c_mac
                          solve( !KU( kdf(~cak.1, 'KEK') ) @ #vk.48 )
                            case c_kdf
                            solve( !KU( ~cak.1 ) @ #vk.52 )
                              case Reveal_CAK
                              by contradiction /* from formulas */
                            qed
                          qed
                        qed
                      next
                        case Rekey_KeyServer_Send
                        solve( !KU( mac(<$Keyserver.6, count(genMN($Keyserver.6)), ~kn, c1>,
                                        kdf(~cak.2, 'ICK'))
                               ) @ #vk.44 )
                          case Initial_KeyServer_Send
                          by contradiction /* non-normal terms */
                        next
                          case c_mac
                          solve( !KU( kdf(~cak.1, 'KEK') ) @ #vk.48 )
                            case c_kdf
                            solve( !KU( ~cak.1 ) @ #vk.59 )
                              case Reveal_CAK
                              by contradiction /* from formulas */
                            qed
                          qed
                        qed
                      next
                        case c_senc
                        solve( !KU( mac(<$Keyserver.5, count(genMN($Keyserver.5)), ~kn, c1>,
                                        kdf(~cak.2, 'ICK'))
                               ) @ #vk.44 )
                          case Initial_KeyServer_Send
                          by contradiction /* non-normal terms */
                        next
                          case c_mac
                          solve( !KU( kdf(~cak.1, 'KEK') ) @ #vk.48 )
                            case c_kdf
                            solve( !KU( ~cak.1 ) @ #vk.54 )
                              case Reveal_CAK
                              by contradiction /* from formulas */
                            qed
                          qed
                        qed
                      qed
                    next
                      case Rekey_KeyServer_Send
                      solve( !KU( senc(z, kdf(~cak, 'KEK')) ) @ #vk.36 )
                        case Initial_KeyServer_Send
                        solve( !KU( mac(<$Keyserver.7, count(genMN($Keyserver.7)), ~kn, c1>,
                                        kdf(~cak.2, 'ICK'))
                               ) @ #vk.44 )
                          case Initial_KeyServer_Send
                          by contradiction /* non-normal terms */
                        next
                          case c_mac
                          solve( !KU( kdf(~cak.1, 'KEK') ) @ #vk.48 )
                            case c_kdf
                            solve( !KU( ~cak.1 ) @ #vk.59 )
                              case Reveal_CAK
                              by contradiction /* from formulas */
                            qed
                          qed
                        qed
                      next
                        case Malicious_KeyServer_Send
                        solve( !KU( mac(<$Keyserver.6, count(genMN($Keyserver.6)), ~kn, c1>,
                                        kdf(~cak.2, 'ICK'))
                               ) @ #vk.44 )
                          case Initial_KeyServer_Send
                          by contradiction /* non-normal terms */
                        next
                          case c_mac
                          solve( !KU( kdf(~cak.1, 'KEK') ) @ #vk.48 )
                            case c_kdf
                            solve( !KU( ~cak.1 ) @ #vk.59 )
                              case Reveal_CAK
                              by contradiction /* from formulas */
                            qed
                          qed
                        qed
                      next
                        case Rekey_KeyServer_Send
                        solve( !KU( mac(<$Keyserver.7, count(genMN($Keyserver.7)), ~kn, c1>,
                                        kdf(~cak.2, 'ICK'))
                               ) @ #vk.44 )
                          case Initial_KeyServer_Send
                          by contradiction /* non-normal terms */
                        next
                          case c_mac
                          solve( !KU( kdf(~cak.1, 'KEK') ) @ #vk.48 )
                            case c_kdf
                            solve( !KU( ~cak.1 ) @ #vk.66 )
                              case Reveal_CAK
                              by contradiction /* from formulas */
                            qed
                          qed
                        qed
                      next
                        case c_senc
                        solve( !KU( mac(<$Keyserver.6, count(genMN($Keyserver.6)), ~kn, c1>,
                                        kdf(~cak.2, 'ICK'))
                               ) @ #vk.44 )
                          case Initial_KeyServer_Send
                          by contradiction /* non-normal terms */
                        next
                          case c_mac
                          solve( !KU( kdf(~cak.1, 'KEK') ) @ #vk.48 )
                            case c_kdf
                            solve( !KU( ~cak.1 ) @ #vk.61 )
                              case Reveal_CAK
                              by contradiction /* from formulas */
                            qed
                          qed
                        qed
                      qed
                    next
                      case c_senc
                      solve( !KU( senc(z, kdf(~cak, 'KEK')) ) @ #vk.36 )
                        case Initial_KeyServer_Send
                        solve( !KU( mac(<$Keyserver.5, count(genMN($Keyserver.5)), ~kn, c1>,
                                        kdf(~cak.2, 'ICK'))
                               ) @ #vk.44 )
                          case Initial_KeyServer_Send
                          by contradiction /* non-normal terms */
                        next
                          case c_mac
                          solve( !KU( kdf(~cak.1, 'KEK') ) @ #vk.48 )
                            case c_kdf
                            solve( !KU( ~cak.1 ) @ #vk.54 )
                              case Reveal_CAK
                              by contradiction /* from formulas */
                            qed
                          qed
                        qed
                      next
                        case Malicious_KeyServer_Send
                        solve( !KU( mac(<$Keyserver.4, count(genMN($Keyserver.4)), ~kn, c1>,
                                        kdf(~cak.2, 'ICK'))
                               ) @ #vk.44 )
                          case Initial_KeyServer_Send
                          by contradiction /* non-normal terms */
                        next
                          case c_mac
                          solve( !KU( kdf(~cak.1, 'KEK') ) @ #vk.48 )
                            case c_kdf
                            solve( !KU( ~cak.1 ) @ #vk.54 )
                              case Reveal_CAK
                              by contradiction /* from formulas */
                            qed
                          qed
                        qed
                      next
                        case Rekey_KeyServer_Send
                        solve( !KU( mac(<$Keyserver.5, count(genMN($Keyserver.5)), ~kn, c1>,
                                        kdf(~cak.2, 'ICK'))
                               ) @ #vk.44 )
                          case Initial_KeyServer_Send
                          by contradiction /* non-normal terms */
                        next
                          case c_mac
                          solve( !KU( kdf(~cak.1, 'KEK') ) @ #vk.48 )
                            case c_kdf
                            solve( !KU( ~cak.1 ) @ #vk.61 )
                              case Reveal_CAK
                              by contradiction /* from formulas */
                            qed
                          qed
                        qed
                      next
                        case c_senc
                        solve( !KU( mac(<$Keyserver.4, count(genMN($Keyserver.4)), ~kn, c1>,
                                        kdf(~cak.2, 'ICK'))
                               ) @ #vk.44 )
                          case Initial_KeyServer_Send
                          by contradiction /* non-normal terms */
                        next
                          case c_mac
                          solve( !KU( kdf(~cak.1, 'KEK') ) @ #vk.48 )
                            case c_kdf
                            solve( !KU( ~cak.1 ) @ #vk.56 )
                              case Reveal_CAK
                              by contradiction /* from formulas */
                            qed
                          qed
                        qed
                      qed
                    qed
                  qed
                qed
              next
                case c_kdf
                solve( !KU( ~cak.1 ) @ #vk.40 )
                  case Reveal_CAK
                  by contradiction /* from formulas */
                qed
              qed
            next
              case split_case_2
              solve( !KU( kdf(~cak.1, <$Keyserver.1, count(~kn), ~KS_nonce1>)
                     ) @ #vk.13 )
                case Rekey_KeyServer_Send
                solve( !KU( mac(<$Keyserver.2, count(count(genMN($Keyserver.3))), 
                                 count(~kn), senc(z, kdf(~cak, 'KEK'))>,
                                kdf(~cak, 'ICK'))
                       ) @ #vk.28 )
                  case Rekey_KeyServer_Send
                  solve( !KU( mac(<$Keyserver, count(genMN($Keyserver)), ~kn, 
                                   senc(sak1, kdf(~cak.3, 'KEK'))>,
                                  kdf(~cak.3, 'ICK'))
                         ) @ #vk.33 )
                    case Initial_KeyServer_Send
                    solve( !KU( mac(<$Keyserver.2, count(genMN($Keyserver.2)), ~kn, 
                                     senc(z, kdf(~cak.1, 'KEK'))>,
                                    kdf(~cak.1, 'ICK'))
                           ) @ #vk.38 )
                      case Initial_KeyServer_Send
                      solve( !KU( kdf(~cak, 'KEK') ) @ #vk.31 )
                        case c_kdf
                        solve( !KU( ~cak ) @ #vk.32 )
                          case Reveal_CAK
                          by contradiction /* from formulas */
                        qed
                      qed
                    next
                      case c_mac
                      solve( !KU( senc(z, kdf(~cak.1, 'KEK')) ) @ #vk.41 )
                        case Initial_KeyServer_Send
                        solve( !KU( kdf(~cak, 'KEK') ) @ #vk.42 )
                          case c_kdf
                          solve( !KU( ~cak ) @ #vk.44 )
                            case Reveal_CAK
                            by contradiction /* from formulas */
                          qed
                        qed
                      next
                        case Malicious_KeyServer_Send
                        solve( !KU( kdf(~cak, 'KEK') ) @ #vk.42 )
                          case c_kdf
                          solve( !KU( ~cak ) @ #vk.44 )
                            case Reveal_CAK
                            by contradiction /* from formulas */
                          qed
                        qed
                      next
                        case Rekey_KeyServer_Send
                        solve( !KU( kdf(~cak, 'KEK') ) @ #vk.42 )
                          case c_kdf
                          solve( !KU( ~cak ) @ #vk.51 )
                            case Reveal_CAK
                            by contradiction /* from formulas */
                          qed
                        qed
                      next
                        case c_senc
                        solve( !KU( kdf(~cak, 'KEK') ) @ #vk.42 )
                          case c_kdf
                          solve( !KU( ~cak ) @ #vk.46 )
                            case Reveal_CAK
                            by contradiction /* from formulas */
                          qed
                        qed
                      qed
                    qed
                  next
                    case c_mac
                    solve( !KU( senc(sak1, kdf(~cak.3, 'KEK')) ) @ #vk.36 )
                      case Initial_KeyServer_Send
                      solve( !KU( mac(<$Keyserver.3, count(genMN($Keyserver.3)), ~kn, 
                                       senc(z, kdf(~cak.1, 'KEK'))>,
                                      kdf(~cak.1, 'ICK'))
                             ) @ #vk.41 )
                        case Initial_KeyServer_Send
                        solve( !KU( kdf(~cak, 'KEK') ) @ #vk.40 )
                          case c_kdf
                          solve( !KU( ~cak ) @ #vk.42 )
                            case Reveal_CAK
                            by contradiction /* from formulas */
                          qed
                        qed
                      next
                        case c_mac
                        solve( !KU( senc(z, kdf(~cak.1, 'KEK')) ) @ #vk.44 )
                          case Initial_KeyServer_Send
                          solve( !KU( kdf(~cak, 'KEK') ) @ #vk.45 )
                            case c_kdf
                            solve( !KU( ~cak ) @ #vk.48 )
                              case Reveal_CAK
                              by contradiction /* from formulas */
                            qed
                          qed
                        next
                          case Malicious_KeyServer_Send
                          solve( !KU( kdf(~cak, 'KEK') ) @ #vk.45 )
                            case c_kdf
                            solve( !KU( ~cak ) @ #vk.48 )
                              case Reveal_CAK
                              by contradiction /* from formulas */
                            qed
                          qed
                        next
                          case Rekey_KeyServer_Send
                          solve( !KU( kdf(~cak, 'KEK') ) @ #vk.45 )
                            case c_kdf
                            solve( !KU( ~cak ) @ #vk.55 )
                              case Reveal_CAK
                              by contradiction /* from formulas */
                            qed
                          qed
                        next
                          case c_senc
                          solve( !KU( kdf(~cak, 'KEK') ) @ #vk.45 )
                            case c_kdf
                            solve( !KU( ~cak ) @ #vk.50 )
                              case Reveal_CAK
                              by contradiction /* from formulas */
                            qed
                          qed
                        qed
                      qed
                    next
                      case Malicious_KeyServer_Send
                      solve( !KU( mac(<$Keyserver.2, count(genMN($Keyserver.2)), ~kn, 
                                       senc(z, kdf(~cak.1, 'KEK'))>,
                                      kdf(~cak.1, 'ICK'))
                             ) @ #vk.41 )
                        case Initial_KeyServer_Send
                        solve( !KU( kdf(~cak, 'KEK') ) @ #vk.40 )
                          case c_kdf
                          solve( !KU( ~cak ) @ #vk.42 )
                            case Reveal_CAK
                            by contradiction /* from formulas */
                          qed
                        qed
                      next
                        case c_mac
                        solve( !KU( senc(z, kdf(~cak.1, 'KEK')) ) @ #vk.44 )
                          case Initial_KeyServer_Send
                          solve( !KU( kdf(~cak, 'KEK') ) @ #vk.45 )
                            case c_kdf
                            solve( !KU( ~cak ) @ #vk.48 )
                              case Reveal_CAK
                              by contradiction /* from formulas */
                            qed
                          qed
                        next
                          case Malicious_KeyServer_Send
                          solve( !KU( kdf(~cak, 'KEK') ) @ #vk.45 )
                            case c_kdf
                            solve( !KU( ~cak ) @ #vk.48 )
                              case Reveal_CAK
                              by contradiction /* from formulas */
                            qed
                          qed
                        next
                          case Rekey_KeyServer_Send
                          solve( !KU( kdf(~cak, 'KEK') ) @ #vk.45 )
                            case c_kdf
                            solve( !KU( ~cak ) @ #vk.55 )
                              case Reveal_CAK
                              by contradiction /* from formulas */
                            qed
                          qed
                        next
                          case c_senc
                          solve( !KU( kdf(~cak, 'KEK') ) @ #vk.45 )
                            case c_kdf
                            solve( !KU( ~cak ) @ #vk.50 )
                              case Reveal_CAK
                              by contradiction /* from formulas */
                            qed
                          qed
                        qed
                      qed
                    next
                      case Rekey_KeyServer_Send
                      solve( !KU( mac(<$Keyserver.3, count(genMN($Keyserver.3)), ~kn, 
                                       senc(z, kdf(~cak.1, 'KEK'))>,
                                      kdf(~cak.1, 'ICK'))
                             ) @ #vk.41 )
                        case Initial_KeyServer_Send
                        solve( !KU( kdf(~cak, 'KEK') ) @ #vk.40 )
                          case c_kdf
                          solve( !KU( ~cak ) @ #vk.49 )
                            case Reveal_CAK
                            by contradiction /* from formulas */
                          qed
                        qed
                      next
                        case c_mac
                        solve( !KU( senc(z, kdf(~cak.1, 'KEK')) ) @ #vk.44 )
                          case Initial_KeyServer_Send
                          solve( !KU( kdf(~cak, 'KEK') ) @ #vk.45 )
                            case c_kdf
                            solve( !KU( ~cak ) @ #vk.55 )
                              case Reveal_CAK
                              by contradiction /* from formulas */
                            qed
                          qed
                        next
                          case Malicious_KeyServer_Send
                          solve( !KU( kdf(~cak, 'KEK') ) @ #vk.45 )
                            case c_kdf
                            solve( !KU( ~cak ) @ #vk.55 )
                              case Reveal_CAK
                              by contradiction /* from formulas */
                            qed
                          qed
                        next
                          case Rekey_KeyServer_Send
                          solve( !KU( kdf(~cak, 'KEK') ) @ #vk.45 )
                            case c_kdf
                            solve( !KU( ~cak ) @ #vk.62 )
                              case Reveal_CAK
                              by contradiction /* from formulas */
                            qed
                          qed
                        next
                          case c_senc
                          solve( !KU( kdf(~cak, 'KEK') ) @ #vk.45 )
                            case c_kdf
                            solve( !KU( ~cak ) @ #vk.57 )
                              case Reveal_CAK
                              by contradiction /* from formulas */
                            qed
                          qed
                        qed
                      qed
                    next
                      case c_senc
                      solve( !KU( mac(<$Keyserver.2, count(genMN($Keyserver.2)), ~kn, 
                                       senc(z, kdf(~cak.1, 'KEK'))>,
                                      kdf(~cak.1, 'ICK'))
                             ) @ #vk.41 )
                        case Initial_KeyServer_Send
                        solve( !KU( kdf(~cak, 'KEK') ) @ #vk.40 )
                          case c_kdf
                          solve( !KU( ~cak ) @ #vk.44 )
                            case Reveal_CAK
                            by contradiction /* from formulas */
                          qed
                        qed
                      next
                        case c_mac
                        solve( !KU( senc(z, kdf(~cak.1, 'KEK')) ) @ #vk.44 )
                          case Initial_KeyServer_Send
                          solve( !KU( kdf(~cak, 'KEK') ) @ #vk.45 )
                            case c_kdf
                            solve( !KU( ~cak ) @ #vk.50 )
                              case Reveal_CAK
                              by contradiction /* from formulas */
                            qed
                          qed
                        next
                          case Malicious_KeyServer_Send
                          solve( !KU( kdf(~cak, 'KEK') ) @ #vk.45 )
                            case c_kdf
                            solve( !KU( ~cak ) @ #vk.50 )
                              case Reveal_CAK
                              by contradiction /* from formulas */
                            qed
                          qed
                        next
                          case Rekey_KeyServer_Send
                          solve( !KU( kdf(~cak, 'KEK') ) @ #vk.45 )
                            case c_kdf
                            solve( !KU( ~cak ) @ #vk.57 )
                              case Reveal_CAK
                              by contradiction /* from formulas */
                            qed
                          qed
                        next
                          case c_senc
                          solve( !KU( kdf(~cak, 'KEK') ) @ #vk.45 )
                            case c_kdf
                            solve( !KU( ~cak ) @ #vk.52 )
                              case Reveal_CAK
                              by contradiction /* from formulas */
                            qed
                          qed
                        qed
                      qed
                    qed
                  qed
                next
                  case c_mac
                  solve( !KU( mac(<$Keyserver.3, count(genMN($Keyserver.3)), ~kn, 
                                   senc(sak1, kdf(~cak.4, 'KEK'))>,
                                  kdf(~cak.4, 'ICK'))
                         ) @ #vk.36 )
                    case Initial_KeyServer_Send
                    solve( !KU( senc(z, kdf(~cak, 'KEK')) ) @ #vk.32 )
                      case Initial_KeyServer_Send
                      solve( !KU( mac(<$Keyserver.4, count(genMN($Keyserver.4)), ~kn, 
                                       senc(z, kdf(~cak.2, 'KEK'))>,
                                      kdf(~cak.2, 'ICK'))
                             ) @ #vk.41 )
                        case Initial_KeyServer_Send
                        solve( !KU( kdf(~cak.1, 'KEK') ) @ #vk.34 )
                          case c_kdf
                          solve( !KU( ~cak.1 ) @ #vk.36 )
                            case Reveal_CAK
                            by contradiction /* from formulas */
                          qed
                        qed
                      next
                        case c_mac
                        solve( !KU( senc(z, kdf(~cak.2, 'KEK')) ) @ #vk.44 )
                          case Initial_KeyServer_Send
                          solve( !KU( kdf(~cak.1, 'KEK') ) @ #vk.45 )
                            case c_kdf
                            solve( !KU( ~cak.1 ) @ #vk.48 )
                              case Reveal_CAK
                              by contradiction /* from formulas */
                            qed
                          qed
                        next
                          case Malicious_KeyServer_Send
                          solve( !KU( kdf(~cak.1, 'KEK') ) @ #vk.45 )
                            case c_kdf
                            solve( !KU( ~cak.1 ) @ #vk.48 )
                              case Reveal_CAK
                              by contradiction /* from formulas */
                            qed
                          qed
                        next
                          case Rekey_KeyServer_Send
                          solve( !KU( kdf(~cak.1, 'KEK') ) @ #vk.45 )
                            case c_kdf
                            solve( !KU( ~cak.1 ) @ #vk.55 )
                              case Reveal_CAK
                              by contradiction /* from formulas */
                            qed
                          qed
                        next
                          case c_senc
                          solve( !KU( kdf(~cak.1, 'KEK') ) @ #vk.45 )
                            case c_kdf
                            solve( !KU( ~cak.1 ) @ #vk.50 )
                              case Reveal_CAK
                              by contradiction /* from formulas */
                            qed
                          qed
                        qed
                      qed
                    next
                      case Malicious_KeyServer_Send
                      solve( !KU( mac(<$Keyserver.3, count(genMN($Keyserver.3)), ~kn, 
                                       senc(z, kdf(~cak.2, 'KEK'))>,
                                      kdf(~cak.2, 'ICK'))
                             ) @ #vk.41 )
                        case Initial_KeyServer_Send
                        solve( !KU( kdf(~cak.1, 'KEK') ) @ #vk.34 )
                          case c_kdf
                          solve( !KU( ~cak.1 ) @ #vk.36 )
                            case Reveal_CAK
                            by contradiction /* from formulas */
                          qed
                        qed
                      next
                        case c_mac
                        solve( !KU( senc(z, kdf(~cak.2, 'KEK')) ) @ #vk.44 )
                          case Initial_KeyServer_Send
                          solve( !KU( kdf(~cak.1, 'KEK') ) @ #vk.45 )
                            case c_kdf
                            solve( !KU( ~cak.1 ) @ #vk.48 )
                              case Reveal_CAK
                              by contradiction /* from formulas */
                            qed
                          qed
                        next
                          case Malicious_KeyServer_Send
                          solve( !KU( kdf(~cak.1, 'KEK') ) @ #vk.45 )
                            case c_kdf
                            solve( !KU( ~cak.1 ) @ #vk.48 )
                              case Reveal_CAK
                              by contradiction /* from formulas */
                            qed
                          qed
                        next
                          case Rekey_KeyServer_Send
                          solve( !KU( kdf(~cak.1, 'KEK') ) @ #vk.45 )
                            case c_kdf
                            solve( !KU( ~cak.1 ) @ #vk.55 )
                              case Reveal_CAK
                              by contradiction /* from formulas */
                            qed
                          qed
                        next
                          case c_senc
                          solve( !KU( kdf(~cak.1, 'KEK') ) @ #vk.45 )
                            case c_kdf
                            solve( !KU( ~cak.1 ) @ #vk.50 )
                              case Reveal_CAK
                              by contradiction /* from formulas */
                            qed
                          qed
                        qed
                      qed
                    next
                      case Rekey_KeyServer_Send
                      solve( !KU( mac(<$Keyserver.4, count(genMN($Keyserver.4)), ~kn, 
                                       senc(z, kdf(~cak.2, 'KEK'))>,
                                      kdf(~cak.2, 'ICK'))
                             ) @ #vk.41 )
                        case Initial_KeyServer_Send
                        solve( !KU( kdf(~cak.1, 'KEK') ) @ #vk.34 )
                          case c_kdf
                          solve( !KU( ~cak.1 ) @ #vk.43 )
                            case Reveal_CAK
                            by contradiction /* from formulas */
                          qed
                        qed
                      next
                        case c_mac
                        solve( !KU( senc(z, kdf(~cak.2, 'KEK')) ) @ #vk.44 )
                          case Initial_KeyServer_Send
                          solve( !KU( kdf(~cak.1, 'KEK') ) @ #vk.45 )
                            case c_kdf
                            solve( !KU( ~cak.1 ) @ #vk.55 )
                              case Reveal_CAK
                              by contradiction /* from formulas */
                            qed
                          qed
                        next
                          case Malicious_KeyServer_Send
                          solve( !KU( kdf(~cak.1, 'KEK') ) @ #vk.45 )
                            case c_kdf
                            solve( !KU( ~cak.1 ) @ #vk.55 )
                              case Reveal_CAK
                              by contradiction /* from formulas */
                            qed
                          qed
                        next
                          case Rekey_KeyServer_Send
                          solve( !KU( kdf(~cak.1, 'KEK') ) @ #vk.45 )
                            case c_kdf
                            solve( !KU( ~cak.1 ) @ #vk.62 )
                              case Reveal_CAK
                              by contradiction /* from formulas */
                            qed
                          qed
                        next
                          case c_senc
                          solve( !KU( kdf(~cak.1, 'KEK') ) @ #vk.45 )
                            case c_kdf
                            solve( !KU( ~cak.1 ) @ #vk.57 )
                              case Reveal_CAK
                              by contradiction /* from formulas */
                            qed
                          qed
                        qed
                      qed
                    next
                      case c_senc
                      solve( !KU( mac(<$Keyserver.3, count(genMN($Keyserver.3)), ~kn, 
                                       senc(z.1, kdf(~cak.2, 'KEK'))>,
                                      kdf(~cak.2, 'ICK'))
                             ) @ #vk.41 )
                        case Initial_KeyServer_Send
                        solve( !KU( kdf(~cak.1, 'KEK') ) @ #vk.34 )
                          case c_kdf
                          solve( !KU( ~cak.1 ) @ #vk.38 )
                            case Reveal_CAK
                            by contradiction /* from formulas */
                          qed
                        qed
                      next
                        case c_mac
                        solve( !KU( senc(z.1, kdf(~cak.2, 'KEK')) ) @ #vk.44 )
                          case Initial_KeyServer_Send
                          solve( !KU( kdf(~cak.1, 'KEK') ) @ #vk.45 )
                            case c_kdf
                            solve( !KU( ~cak.1 ) @ #vk.50 )
                              case Reveal_CAK
                              by contradiction /* from formulas */
                            qed
                          qed
                        next
                          case Malicious_KeyServer_Send
                          solve( !KU( kdf(~cak.1, 'KEK') ) @ #vk.45 )
                            case c_kdf
                            solve( !KU( ~cak.1 ) @ #vk.50 )
                              case Reveal_CAK
                              by contradiction /* from formulas */
                            qed
                          qed
                        next
                          case Rekey_KeyServer_Send
                          solve( !KU( kdf(~cak.1, 'KEK') ) @ #vk.45 )
                            case c_kdf
                            solve( !KU( ~cak.1 ) @ #vk.57 )
                              case Reveal_CAK
                              by contradiction /* from formulas */
                            qed
                          qed
                        next
                          case c_senc
                          solve( !KU( kdf(~cak.1, 'KEK') ) @ #vk.45 )
                            case c_kdf
                            solve( !KU( ~cak.1 ) @ #vk.52 )
                              case Reveal_CAK
                              by contradiction /* from formulas */
                            qed
                          qed
                        qed
                      qed
                    qed
                  next
                    case c_mac
                    solve( !KU( senc(sak1, kdf(~cak.4, 'KEK')) ) @ #vk.39 )
                      case Initial_KeyServer_Send
                      solve( !KU( senc(z, kdf(~cak, 'KEK')) ) @ #vk.36 )
                        case Initial_KeyServer_Send
                        solve( !KU( mac(<$Keyserver.6, count(genMN($Keyserver.6)), ~kn, 
                                         senc(z, kdf(~cak.2, 'KEK'))>,
                                        kdf(~cak.2, 'ICK'))
                               ) @ #vk.44 )
                          case Initial_KeyServer_Send
                          solve( !KU( kdf(~cak.1, 'KEK') ) @ #vk.45 )
                            case c_kdf
                            solve( !KU( ~cak.1 ) @ #vk.48 )
                              case Reveal_CAK
                              by contradiction /* from formulas */
                            qed
                          qed
                        next
                          case c_mac
                          solve( !KU( senc(z, kdf(~cak.2, 'KEK')) ) @ #vk.47 )
                            case Initial_KeyServer_Send
                            solve( !KU( kdf(~cak.1, 'KEK') ) @ #vk.48 )
                              case c_kdf
                              solve( !KU( ~cak.1 ) @ #vk.52 )
                                case Reveal_CAK
                                by contradiction /* from formulas */
                              qed
                            qed
                          next
                            case Malicious_KeyServer_Send
                            solve( !KU( kdf(~cak.1, 'KEK') ) @ #vk.48 )
                              case c_kdf
                              solve( !KU( ~cak.1 ) @ #vk.52 )
                                case Reveal_CAK
                                by contradiction /* from formulas */
                              qed
                            qed
                          next
                            case Rekey_KeyServer_Send
                            solve( !KU( kdf(~cak.1, 'KEK') ) @ #vk.48 )
                              case c_kdf
                              solve( !KU( ~cak.1 ) @ #vk.59 )
                                case Reveal_CAK
                                by contradiction /* from formulas */
                              qed
                            qed
                          next
                            case c_senc
                            solve( !KU( kdf(~cak.1, 'KEK') ) @ #vk.48 )
                              case c_kdf
                              solve( !KU( ~cak.1 ) @ #vk.54 )
                                case Reveal_CAK
                                by contradiction /* from formulas */
                              qed
                            qed
                          qed
                        qed
                      next
                        case Malicious_KeyServer_Send
                        solve( !KU( mac(<$Keyserver.5, count(genMN($Keyserver.5)), ~kn, 
                                         senc(z, kdf(~cak.2, 'KEK'))>,
                                        kdf(~cak.2, 'ICK'))
                               ) @ #vk.44 )
                          case Initial_KeyServer_Send
                          solve( !KU( kdf(~cak.1, 'KEK') ) @ #vk.45 )
                            case c_kdf
                            solve( !KU( ~cak.1 ) @ #vk.48 )
                              case Reveal_CAK
                              by contradiction /* from formulas */
                            qed
                          qed
                        next
                          case c_mac
                          solve( !KU( senc(z, kdf(~cak.2, 'KEK')) ) @ #vk.47 )
                            case Initial_KeyServer_Send
                            solve( !KU( kdf(~cak.1, 'KEK') ) @ #vk.48 )
                              case c_kdf
                              solve( !KU( ~cak.1 ) @ #vk.52 )
                                case Reveal_CAK
                                by contradiction /* from formulas */
                              qed
                            qed
                          next
                            case Malicious_KeyServer_Send
                            solve( !KU( kdf(~cak.1, 'KEK') ) @ #vk.48 )
                              case c_kdf
                              solve( !KU( ~cak.1 ) @ #vk.52 )
                                case Reveal_CAK
                                by contradiction /* from formulas */
                              qed
                            qed
                          next
                            case Rekey_KeyServer_Send
                            solve( !KU( kdf(~cak.1, 'KEK') ) @ #vk.48 )
                              case c_kdf
                              solve( !KU( ~cak.1 ) @ #vk.59 )
                                case Reveal_CAK
                                by contradiction /* from formulas */
                              qed
                            qed
                          next
                            case c_senc
                            solve( !KU( kdf(~cak.1, 'KEK') ) @ #vk.48 )
                              case c_kdf
                              solve( !KU( ~cak.1 ) @ #vk.54 )
                                case Reveal_CAK
                                by contradiction /* from formulas */
                              qed
                            qed
                          qed
                        qed
                      next
                        case Rekey_KeyServer_Send
                        solve( !KU( mac(<$Keyserver.6, count(genMN($Keyserver.6)), ~kn, 
                                         senc(z, kdf(~cak.2, 'KEK'))>,
                                        kdf(~cak.2, 'ICK'))
                               ) @ #vk.44 )
                          case Initial_KeyServer_Send
                          solve( !KU( kdf(~cak.1, 'KEK') ) @ #vk.45 )
                            case c_kdf
                            solve( !KU( ~cak.1 ) @ #vk.55 )
                              case Reveal_CAK
                              by contradiction /* from formulas */
                            qed
                          qed
                        next
                          case c_mac
                          solve( !KU( senc(z, kdf(~cak.2, 'KEK')) ) @ #vk.47 )
                            case Initial_KeyServer_Send
                            solve( !KU( kdf(~cak.1, 'KEK') ) @ #vk.48 )
                              case c_kdf
                              solve( !KU( ~cak.1 ) @ #vk.59 )
                                case Reveal_CAK
                                by contradiction /* from formulas */
                              qed
                            qed
                          next
                            case Malicious_KeyServer_Send
                            solve( !KU( kdf(~cak.1, 'KEK') ) @ #vk.48 )
                              case c_kdf
                              solve( !KU( ~cak.1 ) @ #vk.59 )
                                case Reveal_CAK
                                by contradiction /* from formulas */
                              qed
                            qed
                          next
                            case Rekey_KeyServer_Send
                            solve( !KU( kdf(~cak.1, 'KEK') ) @ #vk.48 )
                              case c_kdf
                              solve( !KU( ~cak.1 ) @ #vk.66 )
                                case Reveal_CAK
                                by contradiction /* from formulas */
                              qed
                            qed
                          next
                            case c_senc
                            solve( !KU( kdf(~cak.1, 'KEK') ) @ #vk.48 )
                              case c_kdf
                              solve( !KU( ~cak.1 ) @ #vk.61 )
                                case Reveal_CAK
                                by contradiction /* from formulas */
                              qed
                            qed
                          qed
                        qed
                      next
                        case c_senc
                        solve( !KU( mac(<$Keyserver.5, count(genMN($Keyserver.5)), ~kn, 
                                         senc(z.1, kdf(~cak.2, 'KEK'))>,
                                        kdf(~cak.2, 'ICK'))
                               ) @ #vk.44 )
                          case Initial_KeyServer_Send
                          solve( !KU( kdf(~cak.1, 'KEK') ) @ #vk.45 )
                            case c_kdf
                            solve( !KU( ~cak.1 ) @ #vk.50 )
                              case Reveal_CAK
                              by contradiction /* from formulas */
                            qed
                          qed
                        next
                          case c_mac
                          solve( !KU( senc(z.1, kdf(~cak.2, 'KEK')) ) @ #vk.47 )
                            case Initial_KeyServer_Send
                            solve( !KU( kdf(~cak.1, 'KEK') ) @ #vk.48 )
                              case c_kdf
                              solve( !KU( ~cak.1 ) @ #vk.54 )
                                case Reveal_CAK
                                by contradiction /* from formulas */
                              qed
                            qed
                          next
                            case Malicious_KeyServer_Send
                            solve( !KU( kdf(~cak.1, 'KEK') ) @ #vk.48 )
                              case c_kdf
                              solve( !KU( ~cak.1 ) @ #vk.54 )
                                case Reveal_CAK
                                by contradiction /* from formulas */
                              qed
                            qed
                          next
                            case Rekey_KeyServer_Send
                            solve( !KU( kdf(~cak.1, 'KEK') ) @ #vk.48 )
                              case c_kdf
                              solve( !KU( ~cak.1 ) @ #vk.61 )
                                case Reveal_CAK
                                by contradiction /* from formulas */
                              qed
                            qed
                          next
                            case c_senc
                            solve( !KU( kdf(~cak.1, 'KEK') ) @ #vk.48 )
                              case c_kdf
                              solve( !KU( ~cak.1 ) @ #vk.56 )
                                case Reveal_CAK
                                by contradiction /* from formulas */
                              qed
                            qed
                          qed
                        qed
                      qed
                    next
                      case Malicious_KeyServer_Send
                      solve( !KU( senc(z, kdf(~cak, 'KEK')) ) @ #vk.36 )
                        case Initial_KeyServer_Send
                        solve( !KU( mac(<$Keyserver.6, count(genMN($Keyserver.6)), ~kn, 
                                         senc(z, kdf(~cak.2, 'KEK'))>,
                                        kdf(~cak.2, 'ICK'))
                               ) @ #vk.44 )
                          case Initial_KeyServer_Send
                          solve( !KU( kdf(~cak.1, 'KEK') ) @ #vk.45 )
                            case c_kdf
                            solve( !KU( ~cak.1 ) @ #vk.48 )
                              case Reveal_CAK
                              by contradiction /* from formulas */
                            qed
                          qed
                        next
                          case c_mac
                          solve( !KU( senc(z, kdf(~cak.2, 'KEK')) ) @ #vk.47 )
                            case Initial_KeyServer_Send
                            solve( !KU( kdf(~cak.1, 'KEK') ) @ #vk.48 )
                              case c_kdf
                              solve( !KU( ~cak.1 ) @ #vk.52 )
                                case Reveal_CAK
                                by contradiction /* from formulas */
                              qed
                            qed
                          next
                            case Malicious_KeyServer_Send
                            solve( !KU( kdf(~cak.1, 'KEK') ) @ #vk.48 )
                              case c_kdf
                              solve( !KU( ~cak.1 ) @ #vk.52 )
                                case Reveal_CAK
                                by contradiction /* from formulas */
                              qed
                            qed
                          next
                            case Rekey_KeyServer_Send
                            solve( !KU( kdf(~cak.1, 'KEK') ) @ #vk.48 )
                              case c_kdf
                              solve( !KU( ~cak.1 ) @ #vk.59 )
                                case Reveal_CAK
                                by contradiction /* from formulas */
                              qed
                            qed
                          next
                            case c_senc
                            solve( !KU( kdf(~cak.1, 'KEK') ) @ #vk.48 )
                              case c_kdf
                              solve( !KU( ~cak.1 ) @ #vk.54 )
                                case Reveal_CAK
                                by contradiction /* from formulas */
                              qed
                            qed
                          qed
                        qed
                      next
                        case Malicious_KeyServer_Send
                        solve( !KU( mac(<$Keyserver.5, count(genMN($Keyserver.5)), ~kn, 
                                         senc(z, kdf(~cak.2, 'KEK'))>,
                                        kdf(~cak.2, 'ICK'))
                               ) @ #vk.44 )
                          case Initial_KeyServer_Send
                          solve( !KU( kdf(~cak.1, 'KEK') ) @ #vk.45 )
                            case c_kdf
                            solve( !KU( ~cak.1 ) @ #vk.48 )
                              case Reveal_CAK
                              by contradiction /* from formulas */
                            qed
                          qed
                        next
                          case c_mac
                          solve( !KU( senc(z, kdf(~cak.2, 'KEK')) ) @ #vk.47 )
                            case Initial_KeyServer_Send
                            solve( !KU( kdf(~cak.1, 'KEK') ) @ #vk.48 )
                              case c_kdf
                              solve( !KU( ~cak.1 ) @ #vk.52 )
                                case Reveal_CAK
                                by contradiction /* from formulas */
                              qed
                            qed
                          next
                            case Malicious_KeyServer_Send
                            solve( !KU( kdf(~cak.1, 'KEK') ) @ #vk.48 )
                              case c_kdf
                              solve( !KU( ~cak.1 ) @ #vk.52 )
                                case Reveal_CAK
                                by contradiction /* from formulas */
                              qed
                            qed
                          next
                            case Rekey_KeyServer_Send
                            solve( !KU( kdf(~cak.1, 'KEK') ) @ #vk.48 )
                              case c_kdf
                              solve( !KU( ~cak.1 ) @ #vk.59 )
                                case Reveal_CAK
                                by contradiction /* from formulas */
                              qed
                            qed
                          next
                            case c_senc
                            solve( !KU( kdf(~cak.1, 'KEK') ) @ #vk.48 )
                              case c_kdf
                              solve( !KU( ~cak.1 ) @ #vk.54 )
                                case Reveal_CAK
                                by contradiction /* from formulas */
                              qed
                            qed
                          qed
                        qed
                      next
                        case Rekey_KeyServer_Send
                        solve( !KU( mac(<$Keyserver.6, count(genMN($Keyserver.6)), ~kn, 
                                         senc(z, kdf(~cak.2, 'KEK'))>,
                                        kdf(~cak.2, 'ICK'))
                               ) @ #vk.44 )
                          case Initial_KeyServer_Send
                          solve( !KU( kdf(~cak.1, 'KEK') ) @ #vk.45 )
                            case c_kdf
                            solve( !KU( ~cak.1 ) @ #vk.55 )
                              case Reveal_CAK
                              by contradiction /* from formulas */
                            qed
                          qed
                        next
                          case c_mac
                          solve( !KU( senc(z, kdf(~cak.2, 'KEK')) ) @ #vk.47 )
                            case Initial_KeyServer_Send
                            solve( !KU( kdf(~cak.1, 'KEK') ) @ #vk.48 )
                              case c_kdf
                              solve( !KU( ~cak.1 ) @ #vk.59 )
                                case Reveal_CAK
                                by contradiction /* from formulas */
                              qed
                            qed
                          next
                            case Malicious_KeyServer_Send
                            solve( !KU( kdf(~cak.1, 'KEK') ) @ #vk.48 )
                              case c_kdf
                              solve( !KU( ~cak.1 ) @ #vk.59 )
                                case Reveal_CAK
                                by contradiction /* from formulas */
                              qed
                            qed
                          next
                            case Rekey_KeyServer_Send
                            solve( !KU( kdf(~cak.1, 'KEK') ) @ #vk.48 )
                              case c_kdf
                              solve( !KU( ~cak.1 ) @ #vk.66 )
                                case Reveal_CAK
                                by contradiction /* from formulas */
                              qed
                            qed
                          next
                            case c_senc
                            solve( !KU( kdf(~cak.1, 'KEK') ) @ #vk.48 )
                              case c_kdf
                              solve( !KU( ~cak.1 ) @ #vk.61 )
                                case Reveal_CAK
                                by contradiction /* from formulas */
                              qed
                            qed
                          qed
                        qed
                      next
                        case c_senc
                        solve( !KU( mac(<$Keyserver.5, count(genMN($Keyserver.5)), ~kn, 
                                         senc(z.1, kdf(~cak.2, 'KEK'))>,
                                        kdf(~cak.2, 'ICK'))
                               ) @ #vk.44 )
                          case Initial_KeyServer_Send
                          solve( !KU( kdf(~cak.1, 'KEK') ) @ #vk.45 )
                            case c_kdf
                            solve( !KU( ~cak.1 ) @ #vk.50 )
                              case Reveal_CAK
                              by contradiction /* from formulas */
                            qed
                          qed
                        next
                          case c_mac
                          solve( !KU( senc(z.1, kdf(~cak.2, 'KEK')) ) @ #vk.47 )
                            case Initial_KeyServer_Send
                            solve( !KU( kdf(~cak.1, 'KEK') ) @ #vk.48 )
                              case c_kdf
                              solve( !KU( ~cak.1 ) @ #vk.54 )
                                case Reveal_CAK
                                by contradiction /* from formulas */
                              qed
                            qed
                          next
                            case Malicious_KeyServer_Send
                            solve( !KU( kdf(~cak.1, 'KEK') ) @ #vk.48 )
                              case c_kdf
                              solve( !KU( ~cak.1 ) @ #vk.54 )
                                case Reveal_CAK
                                by contradiction /* from formulas */
                              qed
                            qed
                          next
                            case Rekey_KeyServer_Send
                            solve( !KU( kdf(~cak.1, 'KEK') ) @ #vk.48 )
                              case c_kdf
                              solve( !KU( ~cak.1 ) @ #vk.61 )
                                case Reveal_CAK
                                by contradiction /* from formulas */
                              qed
                            qed
                          next
                            case c_senc
                            solve( !KU( kdf(~cak.1, 'KEK') ) @ #vk.48 )
                              case c_kdf
                              solve( !KU( ~cak.1 ) @ #vk.56 )
                                case Reveal_CAK
                                by contradiction /* from formulas */
                              qed
                            qed
                          qed
                        qed
                      qed
                    next
                      case Rekey_KeyServer_Send
                      solve( !KU( senc(z, kdf(~cak, 'KEK')) ) @ #vk.36 )
                        case Initial_KeyServer_Send
                        solve( !KU( mac(<$Keyserver.7, count(genMN($Keyserver.7)), ~kn, 
                                         senc(z, kdf(~cak.2, 'KEK'))>,
                                        kdf(~cak.2, 'ICK'))
                               ) @ #vk.44 )
                          case Initial_KeyServer_Send
                          solve( !KU( kdf(~cak.1, 'KEK') ) @ #vk.45 )
                            case c_kdf
                            solve( !KU( ~cak.1 ) @ #vk.55 )
                              case Reveal_CAK
                              by contradiction /* from formulas */
                            qed
                          qed
                        next
                          case c_mac
                          solve( !KU( senc(z, kdf(~cak.2, 'KEK')) ) @ #vk.47 )
                            case Initial_KeyServer_Send
                            solve( !KU( kdf(~cak.1, 'KEK') ) @ #vk.48 )
                              case c_kdf
                              solve( !KU( ~cak.1 ) @ #vk.59 )
                                case Reveal_CAK
                                by contradiction /* from formulas */
                              qed
                            qed
                          next
                            case Malicious_KeyServer_Send
                            solve( !KU( kdf(~cak.1, 'KEK') ) @ #vk.48 )
                              case c_kdf
                              solve( !KU( ~cak.1 ) @ #vk.59 )
                                case Reveal_CAK
                                by contradiction /* from formulas */
                              qed
                            qed
                          next
                            case Rekey_KeyServer_Send
                            solve( !KU( kdf(~cak.1, 'KEK') ) @ #vk.48 )
                              case c_kdf
                              solve( !KU( ~cak.1 ) @ #vk.66 )
                                case Reveal_CAK
                                by contradiction /* from formulas */
                              qed
                            qed
                          next
                            case c_senc
                            solve( !KU( kdf(~cak.1, 'KEK') ) @ #vk.48 )
                              case c_kdf
                              solve( !KU( ~cak.1 ) @ #vk.61 )
                                case Reveal_CAK
                                by contradiction /* from formulas */
                              qed
                            qed
                          qed
                        qed
                      next
                        case Malicious_KeyServer_Send
                        solve( !KU( mac(<$Keyserver.6, count(genMN($Keyserver.6)), ~kn, 
                                         senc(z, kdf(~cak.2, 'KEK'))>,
                                        kdf(~cak.2, 'ICK'))
                               ) @ #vk.44 )
                          case Initial_KeyServer_Send
                          solve( !KU( kdf(~cak.1, 'KEK') ) @ #vk.45 )
                            case c_kdf
                            solve( !KU( ~cak.1 ) @ #vk.55 )
                              case Reveal_CAK
                              by contradiction /* from formulas */
                            qed
                          qed
                        next
                          case c_mac
                          solve( !KU( senc(z, kdf(~cak.2, 'KEK')) ) @ #vk.47 )
                            case Initial_KeyServer_Send
                            solve( !KU( kdf(~cak.1, 'KEK') ) @ #vk.48 )
                              case c_kdf
                              solve( !KU( ~cak.1 ) @ #vk.59 )
                                case Reveal_CAK
                                by contradiction /* from formulas */
                              qed
                            qed
                          next
                            case Malicious_KeyServer_Send
                            solve( !KU( kdf(~cak.1, 'KEK') ) @ #vk.48 )
                              case c_kdf
                              solve( !KU( ~cak.1 ) @ #vk.59 )
                                case Reveal_CAK
                                by contradiction /* from formulas */
                              qed
                            qed
                          next
                            case Rekey_KeyServer_Send
                            solve( !KU( kdf(~cak.1, 'KEK') ) @ #vk.48 )
                              case c_kdf
                              solve( !KU( ~cak.1 ) @ #vk.66 )
                                case Reveal_CAK
                                by contradiction /* from formulas */
                              qed
                            qed
                          next
                            case c_senc
                            solve( !KU( kdf(~cak.1, 'KEK') ) @ #vk.48 )
                              case c_kdf
                              solve( !KU( ~cak.1 ) @ #vk.61 )
                                case Reveal_CAK
                                by contradiction /* from formulas */
                              qed
                            qed
                          qed
                        qed
                      next
                        case Rekey_KeyServer_Send
                        solve( !KU( mac(<$Keyserver.7, count(genMN($Keyserver.7)), ~kn, 
                                         senc(z, kdf(~cak.2, 'KEK'))>,
                                        kdf(~cak.2, 'ICK'))
                               ) @ #vk.44 )
                          case Initial_KeyServer_Send
                          solve( !KU( kdf(~cak.1, 'KEK') ) @ #vk.45 )
                            case c_kdf
                            solve( !KU( ~cak.1 ) @ #vk.62 )
                              case Reveal_CAK
                              by contradiction /* from formulas */
                            qed
                          qed
                        next
                          case c_mac
                          solve( !KU( senc(z, kdf(~cak.2, 'KEK')) ) @ #vk.47 )
                            case Initial_KeyServer_Send
                            solve( !KU( kdf(~cak.1, 'KEK') ) @ #vk.48 )
                              case c_kdf
                              solve( !KU( ~cak.1 ) @ #vk.66 )
                                case Reveal_CAK
                                by contradiction /* from formulas */
                              qed
                            qed
                          next
                            case Malicious_KeyServer_Send
                            solve( !KU( kdf(~cak.1, 'KEK') ) @ #vk.48 )
                              case c_kdf
                              solve( !KU( ~cak.1 ) @ #vk.66 )
                                case Reveal_CAK
                                by contradiction /* from formulas */
                              qed
                            qed
                          next
                            case Rekey_KeyServer_Send
                            solve( !KU( kdf(~cak.1, 'KEK') ) @ #vk.48 )
                              case c_kdf
                              solve( !KU( ~cak.1 ) @ #vk.73 )
                                case Reveal_CAK
                                by contradiction /* from formulas */
                              qed
                            qed
                          next
                            case c_senc
                            solve( !KU( kdf(~cak.1, 'KEK') ) @ #vk.48 )
                              case c_kdf
                              solve( !KU( ~cak.1 ) @ #vk.68 )
                                case Reveal_CAK
                                by contradiction /* from formulas */
                              qed
                            qed
                          qed
                        qed
                      next
                        case c_senc
                        solve( !KU( mac(<$Keyserver.6, count(genMN($Keyserver.6)), ~kn, 
                                         senc(z.1, kdf(~cak.2, 'KEK'))>,
                                        kdf(~cak.2, 'ICK'))
                               ) @ #vk.44 )
                          case Initial_KeyServer_Send
                          solve( !KU( kdf(~cak.1, 'KEK') ) @ #vk.45 )
                            case c_kdf
                            solve( !KU( ~cak.1 ) @ #vk.57 )
                              case Reveal_CAK
                              by contradiction /* from formulas */
                            qed
                          qed
                        next
                          case c_mac
                          solve( !KU( senc(z.1, kdf(~cak.2, 'KEK')) ) @ #vk.47 )
                            case Initial_KeyServer_Send
                            solve( !KU( kdf(~cak.1, 'KEK') ) @ #vk.48 )
                              case c_kdf
                              solve( !KU( ~cak.1 ) @ #vk.61 )
                                case Reveal_CAK
                                by contradiction /* from formulas */
                              qed
                            qed
                          next
                            case Malicious_KeyServer_Send
                            solve( !KU( kdf(~cak.1, 'KEK') ) @ #vk.48 )
                              case c_kdf
                              solve( !KU( ~cak.1 ) @ #vk.61 )
                                case Reveal_CAK
                                by contradiction /* from formulas */
                              qed
                            qed
                          next
                            case Rekey_KeyServer_Send
                            solve( !KU( kdf(~cak.1, 'KEK') ) @ #vk.48 )
                              case c_kdf
                              solve( !KU( ~cak.1 ) @ #vk.68 )
                                case Reveal_CAK
                                by contradiction /* from formulas */
                              qed
                            qed
                          next
                            case c_senc
                            solve( !KU( kdf(~cak.1, 'KEK') ) @ #vk.48 )
                              case c_kdf
                              solve( !KU( ~cak.1 ) @ #vk.63 )
                                case Reveal_CAK
                                by contradiction /* from formulas */
                              qed
                            qed
                          qed
                        qed
                      qed
                    next
                      case c_senc
                      solve( !KU( senc(z, kdf(~cak, 'KEK')) ) @ #vk.36 )
                        case Initial_KeyServer_Send
                        solve( !KU( mac(<$Keyserver.5, count(genMN($Keyserver.5)), ~kn, 
                                         senc(z, kdf(~cak.2, 'KEK'))>,
                                        kdf(~cak.2, 'ICK'))
                               ) @ #vk.44 )
                          case Initial_KeyServer_Send
                          solve( !KU( kdf(~cak.1, 'KEK') ) @ #vk.45 )
                            case c_kdf
                            solve( !KU( ~cak.1 ) @ #vk.50 )
                              case Reveal_CAK
                              by contradiction /* from formulas */
                            qed
                          qed
                        next
                          case c_mac
                          solve( !KU( senc(z, kdf(~cak.2, 'KEK')) ) @ #vk.47 )
                            case Initial_KeyServer_Send
                            solve( !KU( kdf(~cak.1, 'KEK') ) @ #vk.48 )
                              case c_kdf
                              solve( !KU( ~cak.1 ) @ #vk.54 )
                                case Reveal_CAK
                                by contradiction /* from formulas */
                              qed
                            qed
                          next
                            case Malicious_KeyServer_Send
                            solve( !KU( kdf(~cak.1, 'KEK') ) @ #vk.48 )
                              case c_kdf
                              solve( !KU( ~cak.1 ) @ #vk.54 )
                                case Reveal_CAK
                                by contradiction /* from formulas */
                              qed
                            qed
                          next
                            case Rekey_KeyServer_Send
                            solve( !KU( kdf(~cak.1, 'KEK') ) @ #vk.48 )
                              case c_kdf
                              solve( !KU( ~cak.1 ) @ #vk.61 )
                                case Reveal_CAK
                                by contradiction /* from formulas */
                              qed
                            qed
                          next
                            case c_senc
                            solve( !KU( kdf(~cak.1, 'KEK') ) @ #vk.48 )
                              case c_kdf
                              solve( !KU( ~cak.1 ) @ #vk.56 )
                                case Reveal_CAK
                                by contradiction /* from formulas */
                              qed
                            qed
                          qed
                        qed
                      next
                        case Malicious_KeyServer_Send
                        solve( !KU( mac(<$Keyserver.4, count(genMN($Keyserver.4)), ~kn, 
                                         senc(z, kdf(~cak.2, 'KEK'))>,
                                        kdf(~cak.2, 'ICK'))
                               ) @ #vk.44 )
                          case Initial_KeyServer_Send
                          solve( !KU( kdf(~cak.1, 'KEK') ) @ #vk.45 )
                            case c_kdf
                            solve( !KU( ~cak.1 ) @ #vk.50 )
                              case Reveal_CAK
                              by contradiction /* from formulas */
                            qed
                          qed
                        next
                          case c_mac
                          solve( !KU( senc(z, kdf(~cak.2, 'KEK')) ) @ #vk.47 )
                            case Initial_KeyServer_Send
                            solve( !KU( kdf(~cak.1, 'KEK') ) @ #vk.48 )
                              case c_kdf
                              solve( !KU( ~cak.1 ) @ #vk.54 )
                                case Reveal_CAK
                                by contradiction /* from formulas */
                              qed
                            qed
                          next
                            case Malicious_KeyServer_Send
                            solve( !KU( kdf(~cak.1, 'KEK') ) @ #vk.48 )
                              case c_kdf
                              solve( !KU( ~cak.1 ) @ #vk.54 )
                                case Reveal_CAK
                                by contradiction /* from formulas */
                              qed
                            qed
                          next
                            case Rekey_KeyServer_Send
                            solve( !KU( kdf(~cak.1, 'KEK') ) @ #vk.48 )
                              case c_kdf
                              solve( !KU( ~cak.1 ) @ #vk.61 )
                                case Reveal_CAK
                                by contradiction /* from formulas */
                              qed
                            qed
                          next
                            case c_senc
                            solve( !KU( kdf(~cak.1, 'KEK') ) @ #vk.48 )
                              case c_kdf
                              solve( !KU( ~cak.1 ) @ #vk.56 )
                                case Reveal_CAK
                                by contradiction /* from formulas */
                              qed
                            qed
                          qed
                        qed
                      next
                        case Rekey_KeyServer_Send
                        solve( !KU( mac(<$Keyserver.5, count(genMN($Keyserver.5)), ~kn, 
                                         senc(z, kdf(~cak.2, 'KEK'))>,
                                        kdf(~cak.2, 'ICK'))
                               ) @ #vk.44 )
                          case Initial_KeyServer_Send
                          solve( !KU( kdf(~cak.1, 'KEK') ) @ #vk.45 )
                            case c_kdf
                            solve( !KU( ~cak.1 ) @ #vk.57 )
                              case Reveal_CAK
                              by contradiction /* from formulas */
                            qed
                          qed
                        next
                          case c_mac
                          solve( !KU( senc(z, kdf(~cak.2, 'KEK')) ) @ #vk.47 )
                            case Initial_KeyServer_Send
                            solve( !KU( kdf(~cak.1, 'KEK') ) @ #vk.48 )
                              case c_kdf
                              solve( !KU( ~cak.1 ) @ #vk.61 )
                                case Reveal_CAK
                                by contradiction /* from formulas */
                              qed
                            qed
                          next
                            case Malicious_KeyServer_Send
                            solve( !KU( kdf(~cak.1, 'KEK') ) @ #vk.48 )
                              case c_kdf
                              solve( !KU( ~cak.1 ) @ #vk.61 )
                                case Reveal_CAK
                                by contradiction /* from formulas */
                              qed
                            qed
                          next
                            case Rekey_KeyServer_Send
                            solve( !KU( kdf(~cak.1, 'KEK') ) @ #vk.48 )
                              case c_kdf
                              solve( !KU( ~cak.1 ) @ #vk.68 )
                                case Reveal_CAK
                                by contradiction /* from formulas */
                              qed
                            qed
                          next
                            case c_senc
                            solve( !KU( kdf(~cak.1, 'KEK') ) @ #vk.48 )
                              case c_kdf
                              solve( !KU( ~cak.1 ) @ #vk.63 )
                                case Reveal_CAK
                                by contradiction /* from formulas */
                              qed
                            qed
                          qed
                        qed
                      next
                        case c_senc
                        solve( !KU( mac(<$Keyserver.4, count(genMN($Keyserver.4)), ~kn, 
                                         senc(z.1, kdf(~cak.2, 'KEK'))>,
                                        kdf(~cak.2, 'ICK'))
                               ) @ #vk.44 )
                          case Initial_KeyServer_Send
                          solve( !KU( kdf(~cak.1, 'KEK') ) @ #vk.45 )
                            case c_kdf
                            solve( !KU( ~cak.1 ) @ #vk.52 )
                              case Reveal_CAK
                              by contradiction /* from formulas */
                            qed
                          qed
                        next
                          case c_mac
                          solve( !KU( senc(z.1, kdf(~cak.2, 'KEK')) ) @ #vk.47 )
                            case Initial_KeyServer_Send
                            solve( !KU( kdf(~cak.1, 'KEK') ) @ #vk.48 )
                              case c_kdf
                              solve( !KU( ~cak.1 ) @ #vk.56 )
                                case Reveal_CAK
                                by contradiction /* from formulas */
                              qed
                            qed
                          next
                            case Malicious_KeyServer_Send
                            solve( !KU( kdf(~cak.1, 'KEK') ) @ #vk.48 )
                              case c_kdf
                              solve( !KU( ~cak.1 ) @ #vk.56 )
                                case Reveal_CAK
                                by contradiction /* from formulas */
                              qed
                            qed
                          next
                            case Rekey_KeyServer_Send
                            solve( !KU( kdf(~cak.1, 'KEK') ) @ #vk.48 )
                              case c_kdf
                              solve( !KU( ~cak.1 ) @ #vk.63 )
                                case Reveal_CAK
                                by contradiction /* from formulas */
                              qed
                            qed
                          next
                            case c_senc
                            solve( !KU( kdf(~cak.1, 'KEK') ) @ #vk.48 )
                              case c_kdf
                              solve( !KU( ~cak.1 ) @ #vk.58 )
                                case Reveal_CAK
                                by contradiction /* from formulas */
                              qed
                            qed
                          qed
                        qed
                      qed
                    qed
                  qed
                qed
              next
                case c_kdf
                solve( !KU( ~cak.1 ) @ #vk.40 )
                  case Reveal_CAK
                  by contradiction /* from formulas */
                qed
              qed
            qed
          next
            case c_mac
            solve( !KU( kdf(~cak.1, <$Keyserver.1, count(~kn), ~KS_nonce1>)
                   ) @ #vk.11 )
              case Rekey_KeyServer_Send
              solve( !KU( mac(<$Keyserver.2, count(count(genMN($Keyserver.3))), 
                               count(~kn), senc(z, kdf(~cak, 'KEK'))>,
                              kdf(~cak, 'ICK'))
                     ) @ #vk.27 )
                case Rekey_KeyServer_Send
                solve( !KU( mac(<$Keyserver, count(genMN($Keyserver)), ~kn, 
                                 senc(sak1, kdf(~cak.3, 'KEK'))>,
                                kdf(~cak.3, 'ICK'))
                       ) @ #vk.32 )
                  case Initial_KeyServer_Send
                  solve( !KU( kdf(~cak.1, 'ICK') ) @ #vk.33 )
                    case c_kdf
                    solve( !KU( ~cak.1 ) @ #vk.35 )
                      case Reveal_CAK
                      by contradiction /* from formulas */
                    qed
                  qed
                next
                  case c_mac
                  solve( !KU( senc(sak1, kdf(~cak.3, 'KEK')) ) @ #vk.35 )
                    case Initial_KeyServer_Send
                    solve( !KU( kdf(~cak.1, 'ICK') ) @ #vk.36 )
                      case c_kdf
                      solve( !KU( ~cak.1 ) @ #vk.39 )
                        case Reveal_CAK
                        by contradiction /* from formulas */
                      qed
                    qed
                  next
                    case Malicious_KeyServer_Send
                    solve( !KU( kdf(~cak.1, 'ICK') ) @ #vk.36 )
                      case c_kdf
                      solve( !KU( ~cak.1 ) @ #vk.39 )
                        case Reveal_CAK
                        by contradiction /* from formulas */
                      qed
                    qed
                  next
                    case Rekey_KeyServer_Send
                    solve( !KU( kdf(~cak.1, 'ICK') ) @ #vk.36 )
                      case c_kdf
                      solve( !KU( ~cak.1 ) @ #vk.46 )
                        case Reveal_CAK
                        by contradiction /* from formulas */
                      qed
                    qed
                  next
                    case c_senc
                    solve( !KU( kdf(~cak.1, 'ICK') ) @ #vk.36 )
                      case c_kdf
                      solve( !KU( ~cak.1 ) @ #vk.41 )
                        case Reveal_CAK
                        by contradiction /* from formulas */
                      qed
                    qed
                  qed
                qed
              next
                case c_mac
                solve( !KU( mac(<$Keyserver.3, count(genMN($Keyserver.3)), ~kn, 
                                 senc(sak1, kdf(~cak.4, 'KEK'))>,
                                kdf(~cak.4, 'ICK'))
                       ) @ #vk.35 )
                  case Initial_KeyServer_Send
                  solve( !KU( senc(z, kdf(~cak, 'KEK')) ) @ #vk.31 )
                    case Initial_KeyServer_Send
                    solve( !KU( kdf(~cak.2, 'ICK') ) @ #vk.36 )
                      case c_kdf
                      solve( !KU( ~cak.2 ) @ #vk.39 )
                        case Reveal_CAK
                        by contradiction /* from formulas */
                      qed
                    qed
                  next
                    case Malicious_KeyServer_Send
                    solve( !KU( kdf(~cak.2, 'ICK') ) @ #vk.36 )
                      case c_kdf
                      solve( !KU( ~cak.2 ) @ #vk.39 )
                        case Reveal_CAK
                        by contradiction /* from formulas */
                      qed
                    qed
                  next
                    case Rekey_KeyServer_Send
                    solve( !KU( kdf(~cak.2, 'ICK') ) @ #vk.36 )
                      case c_kdf
                      solve( !KU( ~cak.2 ) @ #vk.46 )
                        case Reveal_CAK
                        by contradiction /* from formulas */
                      qed
                    qed
                  next
                    case c_senc
                    solve( !KU( kdf(~cak.2, 'ICK') ) @ #vk.36 )
                      case c_kdf
                      solve( !KU( ~cak.2 ) @ #vk.41 )
                        case Reveal_CAK
                        by contradiction /* from formulas */
                      qed
                    qed
                  qed
                next
                  case c_mac
                  solve( !KU( senc(sak1, kdf(~cak.4, 'KEK')) ) @ #vk.38 )
                    case Initial_KeyServer_Send
                    solve( !KU( senc(z, kdf(~cak, 'KEK')) ) @ #vk.35 )
                      case Initial_KeyServer_Send
                      solve( !KU( kdf(~cak.2, 'ICK') ) @ #vk.39 )
                        case c_kdf
                        solve( !KU( ~cak.2 ) @ #vk.43 )
                          case Reveal_CAK
                          by contradiction /* from formulas */
                        qed
                      qed
                    next
                      case Malicious_KeyServer_Send
                      solve( !KU( kdf(~cak.2, 'ICK') ) @ #vk.39 )
                        case c_kdf
                        solve( !KU( ~cak.2 ) @ #vk.43 )
                          case Reveal_CAK
                          by contradiction /* from formulas */
                        qed
                      qed
                    next
                      case Rekey_KeyServer_Send
                      solve( !KU( kdf(~cak.2, 'ICK') ) @ #vk.39 )
                        case c_kdf
                        solve( !KU( ~cak.2 ) @ #vk.50 )
                          case Reveal_CAK
                          by contradiction /* from formulas */
                        qed
                      qed
                    next
                      case c_senc
                      solve( !KU( kdf(~cak.2, 'ICK') ) @ #vk.39 )
                        case c_kdf
                        solve( !KU( ~cak.2 ) @ #vk.45 )
                          case Reveal_CAK
                          by contradiction /* from formulas */
                        qed
                      qed
                    qed
                  next
                    case Malicious_KeyServer_Send
                    solve( !KU( senc(z, kdf(~cak, 'KEK')) ) @ #vk.35 )
                      case Initial_KeyServer_Send
                      solve( !KU( kdf(~cak.2, 'ICK') ) @ #vk.39 )
                        case c_kdf
                        solve( !KU( ~cak.2 ) @ #vk.43 )
                          case Reveal_CAK
                          by contradiction /* from formulas */
                        qed
                      qed
                    next
                      case Malicious_KeyServer_Send
                      solve( !KU( kdf(~cak.2, 'ICK') ) @ #vk.39 )
                        case c_kdf
                        solve( !KU( ~cak.2 ) @ #vk.43 )
                          case Reveal_CAK
                          by contradiction /* from formulas */
                        qed
                      qed
                    next
                      case Rekey_KeyServer_Send
                      solve( !KU( kdf(~cak.2, 'ICK') ) @ #vk.39 )
                        case c_kdf
                        solve( !KU( ~cak.2 ) @ #vk.50 )
                          case Reveal_CAK
                          by contradiction /* from formulas */
                        qed
                      qed
                    next
                      case c_senc
                      solve( !KU( kdf(~cak.2, 'ICK') ) @ #vk.39 )
                        case c_kdf
                        solve( !KU( ~cak.2 ) @ #vk.45 )
                          case Reveal_CAK
                          by contradiction /* from formulas */
                        qed
                      qed
                    qed
                  next
                    case Rekey_KeyServer_Send
                    solve( !KU( senc(z, kdf(~cak, 'KEK')) ) @ #vk.35 )
                      case Initial_KeyServer_Send
                      solve( !KU( kdf(~cak.2, 'ICK') ) @ #vk.39 )
                        case c_kdf
                        solve( !KU( ~cak.2 ) @ #vk.50 )
                          case Reveal_CAK
                          by contradiction /* from formulas */
                        qed
                      qed
                    next
                      case Malicious_KeyServer_Send
                      solve( !KU( kdf(~cak.2, 'ICK') ) @ #vk.39 )
                        case c_kdf
                        solve( !KU( ~cak.2 ) @ #vk.50 )
                          case Reveal_CAK
                          by contradiction /* from formulas */
                        qed
                      qed
                    next
                      case Rekey_KeyServer_Send
                      solve( !KU( kdf(~cak.2, 'ICK') ) @ #vk.39 )
                        case c_kdf
                        solve( !KU( ~cak.2 ) @ #vk.57 )
                          case Reveal_CAK
                          by contradiction /* from formulas */
                        qed
                      qed
                    next
                      case c_senc
                      solve( !KU( kdf(~cak.2, 'ICK') ) @ #vk.39 )
                        case c_kdf
                        solve( !KU( ~cak.2 ) @ #vk.52 )
                          case Reveal_CAK
                          by contradiction /* from formulas */
                        qed
                      qed
                    qed
                  next
                    case c_senc
                    solve( !KU( senc(z, kdf(~cak, 'KEK')) ) @ #vk.35 )
                      case Initial_KeyServer_Send
                      solve( !KU( kdf(~cak.2, 'ICK') ) @ #vk.39 )
                        case c_kdf
                        solve( !KU( ~cak.2 ) @ #vk.45 )
                          case Reveal_CAK
                          by contradiction /* from formulas */
                        qed
                      qed
                    next
                      case Malicious_KeyServer_Send
                      solve( !KU( kdf(~cak.2, 'ICK') ) @ #vk.39 )
                        case c_kdf
                        solve( !KU( ~cak.2 ) @ #vk.45 )
                          case Reveal_CAK
                          by contradiction /* from formulas */
                        qed
                      qed
                    next
                      case Rekey_KeyServer_Send
                      solve( !KU( kdf(~cak.2, 'ICK') ) @ #vk.39 )
                        case c_kdf
                        solve( !KU( ~cak.2 ) @ #vk.52 )
                          case Reveal_CAK
                          by contradiction /* from formulas */
                        qed
                      qed
                    next
                      case c_senc
                      solve( !KU( kdf(~cak.2, 'ICK') ) @ #vk.39 )
                        case c_kdf
                        solve( !KU( ~cak.2 ) @ #vk.47 )
                          case Reveal_CAK
                          by contradiction /* from formulas */
                        qed
                      qed
                    qed
                  qed
                qed
              qed
            next
              case c_kdf
              solve( !KU( ~cak.1 ) @ #vk.35 )
                case Reveal_CAK
                by contradiction /* from formulas */
              qed
            qed
          qed
        qed
      qed
    next
      case c_mac
      solve( !KU( mac(<$Server.2, count(genMN($Server.1)), ~kn>,
                      kdf(~cak.3, 'ICK'))
             ) @ #vk.16 )
        case Initial_Server_Receive
        solve( splitEqs(1) )
          case split_case_1
          solve( !KU( kdf(~cak.1, <$Keyserver.1, count(~kn), ~KS_nonce1>)
                 ) @ #vk.13 )
            case Rekey_KeyServer_Send
            solve( !KU( kdf(~cak, 'ICK') ) @ #vk.20 )
              case c_kdf
              solve( !KU( ~cak ) @ #vk.27 )
                case Reveal_CAK
                by contradiction /* from formulas */
              qed
            qed
          next
            case c_kdf
            solve( !KU( ~cak.1 ) @ #vk.27 )
              case Reveal_CAK
              by contradiction /* from formulas */
            qed
          qed
        next
          case split_case_2
          solve( !KU( kdf(~cak.1, <$Keyserver.1, count(~kn), ~KS_nonce1>)
                 ) @ #vk.13 )
            case Rekey_KeyServer_Send
            solve( !KU( kdf(~cak, 'ICK') ) @ #vk.20 )
              case c_kdf
              solve( !KU( ~cak ) @ #vk.27 )
                case Reveal_CAK
                by contradiction /* from formulas */
              qed
            qed
          next
            case c_kdf
            solve( !KU( ~cak.1 ) @ #vk.27 )
              case Reveal_CAK
              by contradiction /* from formulas */
            qed
          qed
        qed
      next
        case c_mac
        solve( !KU( kdf(~cak.1, <$Keyserver.1, count(~kn), ~KS_nonce1>)
               ) @ #vk.10 )
          case Rekey_KeyServer_Send
          solve( !KU( kdf(~cak, 'ICK') ) @ #vk.19 )
            case c_kdf
            solve( !KU( ~cak ) @ #vk.22 )
              case Reveal_CAK
              by contradiction /* from formulas */
            qed
          qed
        next
          case c_kdf
          solve( !KU( ~cak.1 ) @ #vk.22 )
            case Reveal_CAK
            by contradiction /* from formulas */
          qed
        qed
      qed
    qed
  qed
qed

lemma rekey_cannot_start_before_initial_completion:
  all-traces
  "∀ mn_ks2 kn1 sak2 #i.
    (RekeyStarted( mn_ks2, kn1, sak2 ) @ #i) ⇒
    (∃ mn_ks1 mn_s1 kn sak1 #j.
      (InitialSessionCompleted( mn_ks1, mn_s1, kn, sak1 ) @ #j) ∧ (#j < #i))"
/*
guarded formula characterizing all counter-examples:
"∃ mn_ks2 kn1 sak2 #i.
  (RekeyStarted( mn_ks2, kn1, sak2 ) @ #i)
 ∧
  ∀ mn_ks1 mn_s1 kn sak1 #j.
   (InitialSessionCompleted( mn_ks1, mn_s1, kn, sak1 ) @ #j) ⇒ ¬(#j < #i)"
*/
simplify
solve( !SharedCAK( ~cak ) ▶₀ #i )
  case Setup_CAK
  solve( KSSTATE1( mn_ks1, mn_s1, ~kn, sak1 ) ▶₁ #i )
    case Initial_KeyServer_Confirm
    by contradiction /* from formulas */
  qed
qed

lemma rekey_after_initial_completion:
  all-traces
  "∀ mn_ks2 mn_s2 kn1 sak2 #i.
    (RekeySessionCompleted( mn_ks2, mn_s2, kn1, sak2 ) @ #i) ⇒
    (∃ mn_ks1 mn_s1 kn sak1 #j.
      (InitialSessionCompleted( mn_ks1, mn_s1, kn, sak1 ) @ #j) ∧ (#j < #i))"
/*
guarded formula characterizing all counter-examples:
"∃ mn_ks2 mn_s2 kn1 sak2 #i.
  (RekeySessionCompleted( mn_ks2, mn_s2, kn1, sak2 ) @ #i)
 ∧
  ∀ mn_ks1 mn_s1 kn sak1 #j.
   (InitialSessionCompleted( mn_ks1, mn_s1, kn, sak1 ) @ #j) ⇒ ¬(#j < #i)"
*/
simplify
solve( !SharedCAK( ~cak ) ▶₁ #i )
  case Setup_CAK
  solve( KSSTATE2( mn_ks2, mn_s1, kn1, sak2 ) ▶₂ #i )
    case Rekey_KeyServer_Send
    by contradiction /* from formulas */
  qed
qed

lemma key_update:
  all-traces
  "∀ mn_ks1 mn_s1 kn sak1 mn_ks2 mn_s2 kn1 sak2 #i #j.
    ((InitialSessionCompleted( mn_ks1, mn_s1, kn, sak1 ) @ #i) ∧
     (RekeySessionCompleted( mn_ks2, mn_s2, kn1, sak2 ) @ #j)) ⇒
    (¬(sak1 = sak2))"
/*
guarded formula characterizing all counter-examples:
"∃ mn_ks1 mn_s1 kn sak1 mn_ks2 mn_s2 kn1 sak2 #i #j.
  (InitialSessionCompleted( mn_ks1, mn_s1, kn, sak1 ) @ #i) ∧
  (RekeySessionCompleted( mn_ks2, mn_s2, kn1, sak2 ) @ #j)
 ∧
  sak1 = sak2"
*/
simplify
solve( !SharedCAK( ~cak ) ▶₁ #i )
  case Setup_CAK
  solve( KSSTATE0( mn_ks1, mn_s, ~kn, sak1 ) ▶₂ #i )
    case Initial_KeyServer_Send
    solve( !SharedCAK( ~cak.2 ) ▶₁ #j )
      case Setup_CAK
      by solve( KSSTATE2( mn_ks2, mn_s1, kn1,
                          kdf(~cak.1, <$Keyserver, ~kn, ~KS_nonce0>)
                ) ▶₂ #j )
    qed
  qed
qed

lemma key_number_progress:
  all-traces
  "∀ mn_ks2 mn_s2 kn1 sak2 #i.
    (RekeySessionCompleted( mn_ks2, mn_s2, kn1, sak2 ) @ #i) ⇒
    (∃ kn mn_ks1 mn_s1 sak1 #j.
      (InitialSessionCompleted( mn_ks1, mn_s1, kn, sak1 ) @ #j) ∧
      (kn1 = count(kn)))"
/*
guarded formula characterizing all counter-examples:
"∃ mn_ks2 mn_s2 kn1 sak2 #i.
  (RekeySessionCompleted( mn_ks2, mn_s2, kn1, sak2 ) @ #i)
 ∧
  ∀ kn mn_ks1 mn_s1 sak1 #j.
   (InitialSessionCompleted( mn_ks1, mn_s1, kn, sak1 ) @ #j) ∧
   (kn1 = count(kn))
  ⇒
   ⊥"
*/
simplify
solve( !SharedCAK( ~cak ) ▶₁ #i )
  case Setup_CAK
  solve( KSSTATE2( mn_ks2, mn_s1, kn1, sak2 ) ▶₂ #i )
    case Rekey_KeyServer_Send
    by contradiction /* from formulas */
  qed
qed

lemma fresh_rekey_key:
  all-traces
  "∀ mn_ks2 mn_s2 kn1 sak2 #i.
    (RekeySessionCompleted( mn_ks2, mn_s2, kn1, sak2 ) @ #i) ⇒
    (¬(∃ mn_ks1 mn_s1 kn #j.
        InitialSessionCompleted( mn_ks1, mn_s1, kn, sak2 ) @ #j))"
/*
guarded formula characterizing all counter-examples:
"∃ mn_ks2 mn_s2 kn1 sak2 #i.
  (RekeySessionCompleted( mn_ks2, mn_s2, kn1, sak2 ) @ #i)
 ∧
  ∃ mn_ks1 mn_s1 kn #j.
   (InitialSessionCompleted( mn_ks1, mn_s1, kn, sak2 ) @ #j)"
*/
simplify
solve( !SharedCAK( ~cak ) ▶₁ #i )
  case Setup_CAK
  solve( KSSTATE2( mn_ks2, mn_s1, kn1, sak2 ) ▶₂ #i )
    case Rekey_KeyServer_Send
    solve( !SharedCAK( ~cak.2 ) ▶₁ #j )
      case Setup_CAK
      by solve( KSSTATE0( mn_ks1, mn_s, ~kn.1,
                          kdf(~cak.1, <$Keyserver.1, count(~kn), ~KS_nonce1>)
                ) ▶₂ #j )
    qed
  qed
qed

lemma server_only_accepts_kdf_keys:
  exists-trace
  "∃ sak #i.
    (ServerAcceptedSAK( sak ) @ #i) ∧ (¬(∃ #j. KDFGeneratedSAK( sak ) @ #j))"
/*
guarded formula characterizing all satisfying traces:
"∃ sak #i.
  (ServerAcceptedSAK( sak ) @ #i)
 ∧
  ∀ #j. (KDFGeneratedSAK( sak ) @ #j) ⇒ ⊥"
*/
simplify
solve( !SharedCAK( ~cak ) ▶₁ #i )
  case Setup_CAK
  solve( !KU( ~kn ) @ #vk.5 )
    case Initial_KeyServer_Send
    solve( splitEqs(0) )
      case split_case_1
      solve( !KU( mac(<$Keyserver, count(genMN($Keyserver)), ~kn, c1>,
                      kdf(~cak, 'ICK'))
             ) @ #vk.8 )
        case c_mac
        solve( !KU( kdf(~cak, 'ICK') ) @ #vk.12 )
          case c_kdf
          solve( !KU( ~cak ) @ #vk.13 )
            case Reveal_CAK
            solve( !KU( count(genMN($Keyserver)) ) @ #vk.12 )
              case c_count
              solve( !KU( genMN($Keyserver) ) @ #vk.15 )
                case c_genMN
                SOLVED // trace found
              qed
            qed
          qed
        qed
      qed
    qed
  qed
qed

lemma accepts_non_kdf_sak:
  exists-trace
  "∃ sak #i #j.
    ((MaliciousSAKSent( sak ) @ #i) ∧ (ServerAcceptedSAK( sak ) @ #j)) ∧
    (#i < #j)"
/*
guarded formula characterizing all satisfying traces:
"∃ sak #i #j.
  (MaliciousSAKSent( sak ) @ #i) ∧ (ServerAcceptedSAK( sak ) @ #j)
 ∧
  #i < #j"
*/
simplify
solve( !SharedCAK( ~cak ) ▶₀ #i )
  case Setup_CAK
  solve( !SharedCAK( ~cak.1 ) ▶₁ #j )
    case Setup_CAK
    solve( !KU( ~kn.1 ) @ #vk.5 )
      case Initial_KeyServer_Send
      solve( !KU( senc(~fakeSAK, kdf(~cak.1, 'KEK')) ) @ #vk.7 )
        case Malicious_KeyServer_Send
        solve( !KU( mac(<$Keyserver.1, count(genMN($Keyserver.1)), ~kn.1, 
                         senc(~fakeSAK, kdf(~cak, 'KEK'))>,
                        kdf(~cak, 'ICK'))
               ) @ #vk.8 )
          case c_mac
          solve( !KU( kdf(~cak, 'ICK') ) @ #vk.12 )
            case c_kdf
            solve( !KU( ~cak ) @ #vk.13 )
              case Reveal_CAK
              solve( !KU( count(genMN($Keyserver.1)) ) @ #vk.13 )
                case c_count
                solve( !KU( genMN($Keyserver.1) ) @ #vk.15 )
                  case c_genMN
                  SOLVED // trace found
                qed
              qed
            qed
          qed
        qed
      qed
    qed
  qed
qed

/* All wellformedness checks were successful. */

/*
Generated from:
Tamarin version 1.12.0
Maude version 3.5.1
Git revision: UNKNOWN, branch: UNKNOWN
Compiled at: 2026-03-08 10:05:47.616272992 UTC
*/

end

==============================================================================
summary of summaries:

analyzed: MKA_v10.spthy

  processing time: 351.57s
  
  executable (exists-trace): verified (30 steps)
  initial_agreement (all-traces): verified (4 steps)
  rekey_agreement (all-traces): verified (4 steps)
  server_authentication_initial (all-traces): verified (8 steps)
  server_authentication_rekey (all-traces): verified (842 steps)
  initial_sak_secrecy_no_reveal (all-traces): verified (39 steps)
  rekey_sak_secrecy_no_reveal (all-traces): verified (1043 steps)
  rekey_cannot_start_before_initial_completion (all-traces): verified (4 steps)
  rekey_after_initial_completion (all-traces): verified (4 steps)
  key_update (all-traces): verified (5 steps)
  key_number_progress (all-traces): verified (4 steps)
  fresh_rekey_key (all-traces): verified (5 steps)
  server_only_accepts_kdf_keys (exists-trace): verified (10 steps)
  accepts_non_kdf_sak (exists-trace): verified (11 steps)

==============================================================================
